comment_id,comment,related_comments,claim_id,claim,source
107038684,"Možná by si na CO2 měla paní redaktorka začít dávat velký pozor, aby se tou toxickou zplodinou neotrávila při pití bublinkové limonády, nebo sodovky.","['Mně stačí nevěřícně zírat, když redaktorka ve zprávách prohlásí, že je potřeba snížit znečištění splodinami co2? Vysvětlil jim někdo, že co2 je normální součást naší atmosféry a nic znečišťujícího na něm není? Je to bezbarvý plyn a vydechuje ho každý živočich!']",107038684_1,CO2 je toxická zplodina.,Nejpřísnější zákaz dieselů Německa staví na odhadech. Pětiletá auta na odpis
107036575,"Možná by si na CO2 měla paní redaktorka začít dávat velký pozor, aby se tou toxickou zplodinou neotrávila při pití bublinkové limonády, nebo sodovky.","['Mně stačí nevěřícně zírat, když redaktorka ve zprávách prohlásí, že je potřeba snížit znečištění splodinami co2? Vysvětlil jim někdo, že co2 je normální součást naší atmosféry a nic znečišťujícího na něm není? Je to bezbarvý plyn a vydechuje ho každý živočich!']",107038684_2,Redaktorka by se mohla s CO2 otrávit. ,Nejpřísnější zákaz dieselů Německa staví na odhadech. Pětiletá auta na odpis
107036597,"Jasně a všechna běžná auta s cenou kolem 500tis. se vyrábí výhradně pro východní Evropu, se proberte.","['Pro Němce to nejsou žádné velkém peníze a navíc tam mají dotace.', 'No předpokládám, že jejich voliči jim to v dalších volbách vysvětlí.. Nebo si všichni půjdou koupit elektromobil za 1,5mega?']",107036706_1,Všechna běžná auta s cenou kolem 500 tisíc CZK se vyrábějí výhradně pro východní Evropu.,Nejpřísnější zákaz dieselů Německa staví na odhadech. Pětiletá auta na odpis
107036613,A peníze na ty dotace si tisknou? Dotace na elektromobilitu fungují jen dokud je elektromobilita minoritní záležitostí.,"['Pro Němce to nejsou žádné velkém peníze a navíc tam mají dotace.', 'No předpokládám, že jejich voliči jim to v dalších volbách vysvětlí.. Nebo si všichni půjdou koupit elektromobil za 1,5mega?']",107039332_1,"Dotace na elektromobilitu fungují jen, dokud je elektromobilita menšinovou záležitostí.",Nejpřísnější zákaz dieselů Německa staví na odhadech. Pětiletá auta na odpis
107036706,"Nepadla tu ještě zajímavá věc, že po prvním omezení dopravy kvůli coroně se tam emise zvýšily, a nikdo neví proč... Ale naměřené to bylo.",[],107036538_1,V Německu se po prvním omezení dopravy kvůli koroně emise zvýšily.,Nejpřísnější zákaz dieselů Německa staví na odhadech. Pětiletá auta na odpis
107039332,"Nepadla tu ještě zajímavá věc, že po prvním omezení dopravy kvůli coroně se tam emise zvýšily, a nikdo neví proč... Ale naměřené to bylo.",[],107036538_2,"Není jasné, proč se emise v Německu po prvním omezení dopravy kvůli koroně zvýšily.",Nejpřísnější zákaz dieselů Německa staví na odhadech. Pětiletá auta na odpis
107036538,"Corona způsobila jeden zajímavý jev. Lidé se začali více vyhýbat MHD a dost lidí si koupilo do rodiny další vůz pro dojíždění do práce právě místo využití MHD ... a většinou to byla starší, levná vozidla odpovídající starším normám ... tedy produkující více emisí. Taky už EU dumá nad tím, jak omezit prodej ojetin.","['Nepadla tu ještě zajímavá věc, že po prvním omezení dopravy kvůli coroně se tam emise zvýšily, a nikdo neví proč... Ale naměřené to bylo.']",107036865_1,"Korona způsobila, že se lidé více začali vyhýbat MHD.",Nejpřísnější zákaz dieselů Německa staví na odhadech. Pětiletá auta na odpis
107036865,"Corona způsobila jeden zajímavý jev. Lidé se začali více vyhýbat MHD a dost lidí si koupilo do rodiny další vůz pro dojíždění do práce právě místo využití MHD ... a většinou to byla starší, levná vozidla odpovídající starším normám ... tedy produkující více emisí. Taky už EU dumá nad tím, jak omezit prodej ojetin.","['Nepadla tu ještě zajímavá věc, že po prvním omezení dopravy kvůli coroně se tam emise zvýšily, a nikdo neví proč... Ale naměřené to bylo.']",107036865_2,Hodně lidí si pořídilo do rodiny další vůz na dojíždění do práce místo využívání MHD.,Nejpřísnější zákaz dieselů Německa staví na odhadech. Pětiletá auta na odpis
107037316,"Corona způsobila jeden zajímavý jev. Lidé se začali více vyhýbat MHD a dost lidí si koupilo do rodiny další vůz pro dojíždění do práce právě místo využití MHD ... a většinou to byla starší, levná vozidla odpovídající starším normám ... tedy produkující více emisí. Taky už EU dumá nad tím, jak omezit prodej ojetin.","['Nepadla tu ještě zajímavá věc, že po prvním omezení dopravy kvůli coroně se tam emise zvýšily, a nikdo neví proč... Ale naměřené to bylo.']",107036865_2,Většinou byla nově kupovaná vozidla kvůli koroně starší.,Nejpřísnější zákaz dieselů Německa staví na odhadech. Pětiletá auta na odpis
107037363,"Corona způsobila jeden zajímavý jev. Lidé se začali více vyhýbat MHD a dost lidí si koupilo do rodiny další vůz pro dojíždění do práce právě místo využití MHD ... a většinou to byla starší, levná vozidla odpovídající starším normám ... tedy produkující více emisí. Taky už EU dumá nad tím, jak omezit prodej ojetin.","['Nepadla tu ještě zajímavá věc, že po prvním omezení dopravy kvůli coroně se tam emise zvýšily, a nikdo neví proč... Ale naměřené to bylo.']",107036865_2,Levná starší vozidla odpovídají starším emisním normám.,Nejpřísnější zákaz dieselů Německa staví na odhadech. Pětiletá auta na odpis
107037351,"Corona způsobila jeden zajímavý jev. Lidé se začali více vyhýbat MHD a dost lidí si koupilo do rodiny další vůz pro dojíždění do práce právě místo využití MHD ... a většinou to byla starší, levná vozidla odpovídající starším normám ... tedy produkující více emisí. Taky už EU dumá nad tím, jak omezit prodej ojetin.","['Nepadla tu ještě zajímavá věc, že po prvním omezení dopravy kvůli coroně se tam emise zvýšily, a nikdo neví proč... Ale naměřené to bylo.']",107036865_2,Starší auta odpovídající starším normám produkují více emisí.,Nejpřísnější zákaz dieselů Německa staví na odhadech. Pětiletá auta na odpis
107037932,"Corona způsobila jeden zajímavý jev. Lidé se začali více vyhýbat MHD a dost lidí si koupilo do rodiny další vůz pro dojíždění do práce právě místo využití MHD ... a většinou to byla starší, levná vozidla odpovídající starším normám ... tedy produkující více emisí. Taky už EU dumá nad tím, jak omezit prodej ojetin.","['Nepadla tu ještě zajímavá věc, že po prvním omezení dopravy kvůli coroně se tam emise zvýšily, a nikdo neví proč... Ale naměřené to bylo.']",107036865_2,"EU přemýšlí, jak omezit prodej ojetých vozidel.",Nejpřísnější zákaz dieselů Německa staví na odhadech. Pětiletá auta na odpis
107038143,"No, oni si ty staré benzínové šunky kupovali i tam, kde zakázali čisté diesely...","['Corona způsobila jeden zajímavý jev. Lidé se začali více vyhýbat MHD a dost lidí si koupilo do rodiny další vůz pro dojíždění do práce právě místo využití MHD ... a většinou to byla starší, levná vozidla odpovídající starším normám ... tedy produkující více emisí. Taky už EU dumá nad tím, jak omezit prodej ojetin.', 'Nepadla tu ještě zajímavá věc, že po prvním omezení dopravy kvůli coroně se tam emise zvýšily, a nikdo neví proč... Ale naměřené to bylo.']",107037316_1,"Staré benzínové vozy se kupovaly i tam, kde zakázali čisté dieselové vozy.",Nejpřísnější zákaz dieselů Německa staví na odhadech. Pětiletá auta na odpis
107036459,"Tak moc se to neprojevilo. Daleko více rodin bylo doma, děti nevozili do školy, celkově provoz v průměru klesl v našem městě o 40%.","['Corona způsobila jeden zajímavý jev. Lidé se začali více vyhýbat MHD a dost lidí si koupilo do rodiny další vůz pro dojíždění do práce právě místo využití MHD ... a většinou to byla starší, levná vozidla odpovídající starším normám ... tedy produkující více emisí. Taky už EU dumá nad tím, jak omezit prodej ojetin.', 'Nepadla tu ještě zajímavá věc, že po prvním omezení dopravy kvůli coroně se tam emise zvýšily, a nikdo neví proč... Ale naměřené to bylo.']",107037363_1,Během korony bylo mnohem více rodin doma.,Nejpřísnější zákaz dieselů Německa staví na odhadech. Pětiletá auta na odpis
107036710,"Tak moc se to neprojevilo. Daleko více rodin bylo doma, děti nevozili do školy, celkově provoz v průměru klesl v našem městě o 40%.","['Corona způsobila jeden zajímavý jev. Lidé se začali více vyhýbat MHD a dost lidí si koupilo do rodiny další vůz pro dojíždění do práce právě místo využití MHD ... a většinou to byla starší, levná vozidla odpovídající starším normám ... tedy produkující více emisí. Taky už EU dumá nad tím, jak omezit prodej ojetin.', 'Nepadla tu ještě zajímavá věc, že po prvním omezení dopravy kvůli coroně se tam emise zvýšily, a nikdo neví proč... Ale naměřené to bylo.']",107037363_2,Doprava ve městech klesla v průměru o 40 %.,Nejpřísnější zákaz dieselů Německa staví na odhadech. Pětiletá auta na odpis
107037204,"Ono se nikde emise nezvysily, staci neopak blbosti porad dokola :DAle jinak ano, muze se stat i to, ze namerite horsi hodnoty znecisteni v den, kdy nevyjede ani jedno auto, oproti dnu s provozem. Staci kdyz ten den bez aut bude inverze, a ten normalni den bude krasne a pofukovat vitr. Presto z takoveho mereni opravdu neplyne to, ze auta cisti vzduch :D","['Nepadla tu ještě zajímavá věc, že po prvním omezení dopravy kvůli coroně se tam emise zvýšily, a nikdo neví proč... Ale naměřené to bylo.']",107037351_1,Emise se během korony nikde nezvýšily.,Nejpřísnější zákaz dieselů Německa staví na odhadech. Pětiletá auta na odpis
107036332,"Ono se nikde emise nezvysily, staci neopak blbosti porad dokola :DAle jinak ano, muze se stat i to, ze namerite horsi hodnoty znecisteni v den, kdy nevyjede ani jedno auto, oproti dnu s provozem. Staci kdyz ten den bez aut bude inverze, a ten normalni den bude krasne a pofukovat vitr. Presto z takoveho mereni opravdu neplyne to, ze auta cisti vzduch :D","['Nepadla tu ještě zajímavá věc, že po prvním omezení dopravy kvůli coroně se tam emise zvýšily, a nikdo neví proč... Ale naměřené to bylo.']",107037351_2,"Je možné naměřit horší hodnoty znečištění v den, kdy nevyjede ani jedno auto, oproti dni s dopravou.",Nejpřísnější zákaz dieselů Německa staví na odhadech. Pětiletá auta na odpis
107036407,"Ono se nikde emise nezvysily, staci neopak blbosti porad dokola :DAle jinak ano, muze se stat i to, ze namerite horsi hodnoty znecisteni v den, kdy nevyjede ani jedno auto, oproti dnu s provozem. Staci kdyz ten den bez aut bude inverze, a ten normalni den bude krasne a pofukovat vitr. Presto z takoveho mereni opravdu neplyne to, ze auta cisti vzduch :D","['Nepadla tu ještě zajímavá věc, že po prvním omezení dopravy kvůli coroně se tam emise zvýšily, a nikdo neví proč... Ale naměřené to bylo.']",107037351_2,Inverze negativně ovlivňuje měření znečištění ovzduší.,Nejpřísnější zákaz dieselů Německa staví na odhadech. Pětiletá auta na odpis
107036416,"Ono se nikde emise nezvysily, staci neopak blbosti porad dokola :DAle jinak ano, muze se stat i to, ze namerite horsi hodnoty znecisteni v den, kdy nevyjede ani jedno auto, oproti dnu s provozem. Staci kdyz ten den bez aut bude inverze, a ten normalni den bude krasne a pofukovat vitr. Presto z takoveho mereni opravdu neplyne to, ze auta cisti vzduch :D","['Nepadla tu ještě zajímavá věc, že po prvním omezení dopravy kvůli coroně se tam emise zvýšily, a nikdo neví proč... Ale naměřené to bylo.']",107037351_2,Povětrnostní podmínky ovlivňují naměřené hodnoty znečištění vzduchu.,Nejpřísnější zákaz dieselů Německa staví na odhadech. Pětiletá auta na odpis
107037248,"Evropa se zbláznila, postihovat auta, která vypouští nula nula nic zplodin je nesmysl. Pokud EU nemá jž dopředu vybrané levné, smysluplné a ekologické palivo, pak opravdu nechápu proč ničí to, co léta budovalo. Po létech evropského blahobytu nás zřejmě čekají léta strádání, hloupostí. Jen aby to Evropu nepoložilo!",[],107036459_1,"Je nesmysl postihovat auta za produkci emisí, pokud Evropa nemá alternativní levné a ekologické palivo.",Nejpřísnější zákaz dieselů Německa staví na odhadech. Pětiletá auta na odpis
107038537,"Ono nula nula nic krát milion v jednom městě dá hodně. A navíc těch nula nula nic platí pro zahřátý motor. V ranní špičce ve městech popojíždí studené nafťáky, které mají několikanásobné emise.Ono jde o to, že se doba změnila. Každý má auto, obzvláště v Německu je jejich koncentrace enormní. A lidí chtějí taky dýchat a nejen si vozit zadek.Kdo bydlí u magistrály, ví jaký to je, jaký je tam prach a hluk. Jenomže těch magistrál mají v Německu (ale i v jiných zemích) tisíce.Neříkám, že současný postup je ideální. Ale nic nedělat a nechat se dál dusit, taky není řešení.","['Evropa se zbláznila, postihovat auta, která vypouští nula nula nic zplodin je nesmysl. Pokud EU nemá jž dopředu vybrané levné, smysluplné a ekologické palivo, pak opravdu nechápu proč ničí to, co léta budovalo. Po létech evropského blahobytu nás zřejmě čekají léta strádání, hloupostí. Jen aby to Evropu nepoložilo!']",107036710_1,Studené naftové motory produkují několikanásobně více emisí než běžně zahřáté motory.,Nejpřísnější zákaz dieselů Německa staví na odhadech. Pětiletá auta na odpis
107036320,"Ono nula nula nic krát milion v jednom městě dá hodně. A navíc těch nula nula nic platí pro zahřátý motor. V ranní špičce ve městech popojíždí studené nafťáky, které mají několikanásobné emise.Ono jde o to, že se doba změnila. Každý má auto, obzvláště v Německu je jejich koncentrace enormní. A lidí chtějí taky dýchat a nejen si vozit zadek.Kdo bydlí u magistrály, ví jaký to je, jaký je tam prach a hluk. Jenomže těch magistrál mají v Německu (ale i v jiných zemích) tisíce.Neříkám, že současný postup je ideální. Ale nic nedělat a nechat se dál dusit, taky není řešení.","['Evropa se zbláznila, postihovat auta, která vypouští nula nula nic zplodin je nesmysl. Pokud EU nemá jž dopředu vybrané levné, smysluplné a ekologické palivo, pak opravdu nechápu proč ničí to, co léta budovalo. Po létech evropského blahobytu nás zřejmě čekají léta strádání, hloupostí. Jen aby to Evropu nepoložilo!']",107036710_2,V Německu je enormní koncentrace aut.,Nejpřísnější zákaz dieselů Německa staví na odhadech. Pětiletá auta na odpis
107037752,Jen normální vývoj civilizace/í. Chudoba-rozvoj-pokrok-blahobyt-vymýšlení hloupostí-úpadek-zapomění.,"['Evropa se zbláznila, postihovat auta, která vypouští nula nula nic zplodin je nesmysl. Pokud EU nemá jž dopředu vybrané levné, smysluplné a ekologické palivo, pak opravdu nechápu proč ničí to, co léta budovalo. Po létech evropského blahobytu nás zřejmě čekají léta strádání, hloupostí. Jen aby to Evropu nepoložilo!']",107037204_1,"Chudoba, rozvoj, pokrok, blahobyt, vymýšlení, hloupost, úpadek a zapomnění jsou normálním průběhem vývoje civilizace.",Nejpřísnější zákaz dieselů Německa staví na odhadech. Pětiletá auta na odpis
107050217,"No, pokud si dobře pamatuji, tek zelení chtějí vybíjet i hospodářská zvířata, protože moc prdí meta a to je skleníkový plyn ...",['S piráty budeme jezdit na podzim Eko drožkou tažemou koňmi nebo migranty.'],107037248_1,"Zelení chtějí zabíjet hospodářská zvířata, protože vylučují hodně metanu.",Nejpřísnější zákaz dieselů Německa staví na odhadech. Pětiletá auta na odpis
107036283,"No, pokud si dobře pamatuji, tek zelení chtějí vybíjet i hospodářská zvířata, protože moc prdí meta a to je skleníkový plyn ...",['S piráty budeme jezdit na podzim Eko drožkou tažemou koňmi nebo migranty.'],107037248_2,Metan je skleníkový plyn.,Nejpřísnější zákaz dieselů Německa staví na odhadech. Pětiletá auta na odpis
107036434,"To, proč někdo vlastní auto, je čiště jeho věc a to, že bydlí (v širším) centru města, absolutně neznamená, že ho nepotřebuje... Ale chápu, že hipsteři a podobní aktivisti, co jim stačí batůžek nebo makaj někde v Partnerství, tak ti mají času dost a můžou ho ztrácet třeba i ""ekologickou"" dopravou. Akorát pak jsou neskutečně otravní, když potřebují někam za město a zrovna to neleží na koridoru...",['Ja s tím souhlasím. Ale např dodávky přepravu bych do města pustil. Aby člověk opravdu neměl důvod vlastnit auto.'],107037752_1,"To, že člověk bydlí v centru města, neznamená, že nepotřebuje auto.",Nejpřísnější zákaz dieselů Německa staví na odhadech. Pětiletá auta na odpis
107036474,"Je to vse o nějaké volbě. Já učinil tuhle, auto nepotrebuju, vláda by měla činit kroky aby nám to zjednodušilu, třeba stavěli cyklostezky ve městech, takto jdou miliardy na předražené dalnice pro pár vyvolených","['To, proč někdo vlastní auto, je čiště jeho věc a to, že bydlí (v širším) centru města, absolutně neznamená, že ho nepotřebuje... Ale chápu, že hipsteři a podobní aktivisti, co jim stačí batůžek nebo makaj někde v Partnerství, tak ti mají času dost a můžou ho ztrácet třeba i ""ekologickou"" dopravou. Akorát pak jsou neskutečně otravní, když potřebují někam za město a zrovna to neleží na koridoru...', 'Ja s tím souhlasím. Ale např dodávky přepravu bych do města pustil. Aby člověk opravdu neměl důvod vlastnit auto.']",107050217_1,Miliardy jdou na předražené dálnice pro pár vyvolených.,Nejpřísnější zákaz dieselů Německa staví na odhadech. Pětiletá auta na odpis
107038650,"Nezlobte se, ale i moje 8 let stará Octavia 3 s TDi 2L 110kW plní EURO 6...",[],107035918_1,8 let stará Octavia 3 s TDI 2L 110 kW splňuje normu EURO 6.,Nejpřísnější zákaz dieselů Německa staví na odhadech. Pětiletá auta na odpis
107036213,"V roce 2013, tedy před osmi lety, se auta s normou EURO 6 nevyráběla. Ano, motory se v základu nezměnily a 2.0 TDI pak po roce 2015 splňoval iEURO 6, ale k jistým malým úpravám tam došlo. V techničáku máte určitě uvedeno EURO 5.Nicméně, stát nemůže zakázat provoz něčeho, co odsouhlasil, že vyhovuje. Jinak riskuje soudy o odškodnění. A šrotovat téměr nová auta je zhovadilost.","['Nezlobte se, ale i moje 8 let stará Octavia 3 s TDi 2L 110kW plní EURO 6...']",107039961_1,V roce 2013 se auta s normou EURO 6 nevyráběla.,Nejpřísnější zákaz dieselů Německa staví na odhadech. Pětiletá auta na odpis
107038516,"V roce 2013, tedy před osmi lety, se auta s normou EURO 6 nevyráběla. Ano, motory se v základu nezměnily a 2.0 TDI pak po roce 2015 splňoval iEURO 6, ale k jistým malým úpravám tam došlo. V techničáku máte určitě uvedeno EURO 5.Nicméně, stát nemůže zakázat provoz něčeho, co odsouhlasil, že vyhovuje. Jinak riskuje soudy o odškodnění. A šrotovat téměr nová auta je zhovadilost.","['Nezlobte se, ale i moje 8 let stará Octavia 3 s TDi 2L 110kW plní EURO 6...']",107039961_2,Motory se mezi lety 2013 a 2015 v základu nezměnily.,Nejpřísnější zákaz dieselů Německa staví na odhadech. Pětiletá auta na odpis
107036043,"V roce 2013, tedy před osmi lety, se auta s normou EURO 6 nevyráběla. Ano, motory se v základu nezměnily a 2.0 TDI pak po roce 2015 splňoval iEURO 6, ale k jistým malým úpravám tam došlo. V techničáku máte určitě uvedeno EURO 5.Nicméně, stát nemůže zakázat provoz něčeho, co odsouhlasil, že vyhovuje. Jinak riskuje soudy o odškodnění. A šrotovat téměr nová auta je zhovadilost.","['Nezlobte se, ale i moje 8 let stará Octavia 3 s TDi 2L 110kW plní EURO 6...']",107039961_2,2.0 TDI motor po roce 2015 splňoval také normu EURO 6.,Nejpřísnější zákaz dieselů Německa staví na odhadech. Pětiletá auta na odpis
107036155,"V roce 2013, tedy před osmi lety, se auta s normou EURO 6 nevyráběla. Ano, motory se v základu nezměnily a 2.0 TDI pak po roce 2015 splňoval iEURO 6, ale k jistým malým úpravám tam došlo. V techničáku máte určitě uvedeno EURO 5.Nicméně, stát nemůže zakázat provoz něčeho, co odsouhlasil, že vyhovuje. Jinak riskuje soudy o odškodnění. A šrotovat téměr nová auta je zhovadilost.","['Nezlobte se, ale i moje 8 let stará Octavia 3 s TDi 2L 110kW plní EURO 6...']",107039961_2,"Stát nemůže zakázat provoz něčeho, co odsouhlasil jako vyhovující.",Nejpřísnější zákaz dieselů Německa staví na odhadech. Pětiletá auta na odpis
107036199,"V roce 2013, tedy před osmi lety, se auta s normou EURO 6 nevyráběla. Ano, motory se v základu nezměnily a 2.0 TDI pak po roce 2015 splňoval iEURO 6, ale k jistým malým úpravám tam došlo. V techničáku máte určitě uvedeno EURO 5.Nicméně, stát nemůže zakázat provoz něčeho, co odsouhlasil, že vyhovuje. Jinak riskuje soudy o odškodnění. A šrotovat téměr nová auta je zhovadilost.","['Nezlobte se, ale i moje 8 let stará Octavia 3 s TDi 2L 110kW plní EURO 6...']",107039961_2,"Za zákaz provozu něčeho, co schválil jako vyhovující, stát riskuje soudy a odškodnění.",Nejpřísnější zákaz dieselů Německa staví na odhadech. Pětiletá auta na odpis
107036691,"Ale kecy, EURO 6 platí od 1.1.2015, to znamená, že 5 let staré auto musí splňovat EURO 6",[],107035869_1,Norma EURO 6 platí od 1. 1. 2015.,Nejpřísnější zákaz dieselů Německa staví na odhadech. Pětiletá auta na odpis
107036291,"Ale kecy, EURO 6 platí od 1.1.2015, to znamená, že 5 let staré auto musí splňovat EURO 6",[],107035869_2,5 let staré auto musí splňovat normu EURO 6.,Nejpřísnější zákaz dieselů Německa staví na odhadech. Pětiletá auta na odpis
107037912,Brzdy a pneumatiky vypustí více pevných částic.,[],107035641_1,Brzdy a pneumatiky aut vypouštějí více pevných částic než jejich výfuky.,Nejpřísnější zákaz dieselů Německa staví na odhadech. Pětiletá auta na odpis
107035918,Filtr pevnych castic nezachyti oxidy dusiku nebo jine zplodiny.,"['To platilo u starších aut, ta s filtrem pevných částic nepustí nic ani za studena. I proto jaksi nemají černý výfuk, že ano?', 'V necem pravdu ma. Samozrejme to same plati i o benzinovych autech. Napriklad kdyz prijedete na STK, tak je tam uvedeno, ze pro mereni emisi musi byt motor zahraty na provozni teplotu. Proc asi ? Proc je vyfuk vzadu a ne vpredu ? Jinak samozrejme by melo platit, ze tam kde se zavedou nizkoemisni zony, by melo byt zakazano nebo regulovano spalovani uhli, dreva,...', 'Možná byste na sebe měl občas pustit čerstvý vzduch, nepsal byste takové nesmysly.', 'To je dobre. Diesel, to je mor. Staci jit po chodniku nebo autem za nimi. Nejpouzivanejsi tlacitko mam vnitrni cirkulace vzduchu.']",107037565_1,Filtr pevných částic nezachytí oxidy dusíku.,Nejpřísnější zákaz dieselů Německa staví na odhadech. Pětiletá auta na odpis
107035997,Filtr pevnych castic nezachyti oxidy dusiku nebo jine zplodiny.,"['To platilo u starších aut, ta s filtrem pevných částic nepustí nic ani za studena. I proto jaksi nemají černý výfuk, že ano?', 'V necem pravdu ma. Samozrejme to same plati i o benzinovych autech. Napriklad kdyz prijedete na STK, tak je tam uvedeno, ze pro mereni emisi musi byt motor zahraty na provozni teplotu. Proc asi ? Proc je vyfuk vzadu a ne vpredu ? Jinak samozrejme by melo platit, ze tam kde se zavedou nizkoemisni zony, by melo byt zakazano nebo regulovano spalovani uhli, dreva,...', 'Možná byste na sebe měl občas pustit čerstvý vzduch, nepsal byste takové nesmysly.', 'To je dobre. Diesel, to je mor. Staci jit po chodniku nebo autem za nimi. Nejpouzivanejsi tlacitko mam vnitrni cirkulace vzduchu.']",107037565_2,Filtr pevných částic nezachytí škodlivé splodiny.,Nejpřísnější zákaz dieselů Německa staví na odhadech. Pětiletá auta na odpis
107036195,"Btw ta provozní teplota je kvůli poškození motoru. Oni ho tam vytáčí na maximální otáčky, udělejte to v zimě se studeným a možná tam zůstane nadobro...","['V necem pravdu ma. Samozrejme to same plati i o benzinovych autech. Napriklad kdyz prijedete na STK, tak je tam uvedeno, ze pro mereni emisi musi byt motor zahraty na provozni teplotu. Proc asi ? Proc je vyfuk vzadu a ne vpredu ? Jinak samozrejme by melo platit, ze tam kde se zavedou nizkoemisni zony, by melo byt zakazano nebo regulovano spalovani uhli, dreva,...', 'Možná byste na sebe měl občas pustit čerstvý vzduch, nepsal byste takové nesmysly.', 'To je dobre. Diesel, to je mor. Staci jit po chodniku nebo autem za nimi. Nejpouzivanejsi tlacitko mam vnitrni cirkulace vzduchu.']",107036117_1,"Na STK se motor měří zahřátý, aby se nepoškodil.",Nejpřísnější zákaz dieselů Německa staví na odhadech. Pětiletá auta na odpis
107038031,"Ta provozni teplota je kvuli tomu, ze motor ktery neni zahraty na optimalni teplotu ma vyssi emise. Napriklad kvuli tomu, ze je nutne mit bohatsi smes. A systemy jsou nastaveny na provozni teplotu motoru a optimalni otacky (katalyzator, SCR,..)","['Btw ta provozní teplota je kvůli poškození motoru. Oni ho tam vytáčí na maximální otáčky, udělejte to v zimě se studeným a možná tam zůstane nadobro...', 'V necem pravdu ma. Samozrejme to same plati i o benzinovych autech. Napriklad kdyz prijedete na STK, tak je tam uvedeno, ze pro mereni emisi musi byt motor zahraty na provozni teplotu. Proc asi ? Proc je vyfuk vzadu a ne vpredu ? Jinak samozrejme by melo platit, ze tam kde se zavedou nizkoemisni zony, by melo byt zakazano nebo regulovano spalovani uhli, dreva,...', 'Možná byste na sebe měl občas pustit čerstvý vzduch, nepsal byste takové nesmysly.', 'To je dobre. Diesel, to je mor. Staci jit po chodniku nebo autem za nimi. Nejpouzivanejsi tlacitko mam vnitrni cirkulace vzduchu.']",107037515_1,"Na STK se motor měří zahřátý, aby měl nižší emise.",Nejpřísnější zákaz dieselů Německa staví na odhadech. Pětiletá auta na odpis
107036097,"Ta provozni teplota je kvuli tomu, ze motor ktery neni zahraty na optimalni teplotu ma vyssi emise. Napriklad kvuli tomu, ze je nutne mit bohatsi smes. A systemy jsou nastaveny na provozni teplotu motoru a optimalni otacky (katalyzator, SCR,..)","['Btw ta provozní teplota je kvůli poškození motoru. Oni ho tam vytáčí na maximální otáčky, udělejte to v zimě se studeným a možná tam zůstane nadobro...', 'V necem pravdu ma. Samozrejme to same plati i o benzinovych autech. Napriklad kdyz prijedete na STK, tak je tam uvedeno, ze pro mereni emisi musi byt motor zahraty na provozni teplotu. Proc asi ? Proc je vyfuk vzadu a ne vpredu ? Jinak samozrejme by melo platit, ze tam kde se zavedou nizkoemisni zony, by melo byt zakazano nebo regulovano spalovani uhli, dreva,...', 'Možná byste na sebe měl občas pustit čerstvý vzduch, nepsal byste takové nesmysly.', 'To je dobre. Diesel, to je mor. Staci jit po chodniku nebo autem za nimi. Nejpouzivanejsi tlacitko mam vnitrni cirkulace vzduchu.']",107037515_2,"Nezahřátý motor má vyšší emise, protože potřebuje bohatší směs paliva.",Nejpřísnější zákaz dieselů Německa staví na odhadech. Pětiletá auta na odpis
107039961,"Ta provozni teplota je kvuli tomu, ze motor ktery neni zahraty na optimalni teplotu ma vyssi emise. Napriklad kvuli tomu, ze je nutne mit bohatsi smes. A systemy jsou nastaveny na provozni teplotu motoru a optimalni otacky (katalyzator, SCR,..)","['Btw ta provozní teplota je kvůli poškození motoru. Oni ho tam vytáčí na maximální otáčky, udělejte to v zimě se studeným a možná tam zůstane nadobro...', 'V necem pravdu ma. Samozrejme to same plati i o benzinovych autech. Napriklad kdyz prijedete na STK, tak je tam uvedeno, ze pro mereni emisi musi byt motor zahraty na provozni teplotu. Proc asi ? Proc je vyfuk vzadu a ne vpredu ? Jinak samozrejme by melo platit, ze tam kde se zavedou nizkoemisni zony, by melo byt zakazano nebo regulovano spalovani uhli, dreva,...', 'Možná byste na sebe měl občas pustit čerstvý vzduch, nepsal byste takové nesmysly.', 'To je dobre. Diesel, to je mor. Staci jit po chodniku nebo autem za nimi. Nejpouzivanejsi tlacitko mam vnitrni cirkulace vzduchu.']",107037515_2,Systémy v autě jsou nastavené na provozní teplotu motoru a optimální otáčky.,Nejpřísnější zákaz dieselů Německa staví na odhadech. Pětiletá auta na odpis
107035897,"Já si marně vzpomínám, kdy politici místo restrikcí něco povolili. Snad prodloužení intervalu technické u motorek. Jinak se pořád zpřísňuje ve všech oblastech života. A je úplně jedno která strana je u vesla",[],107034947_1,Politici prodloužili interval technické kontroly u motocyklů.,Nejpřísnější zákaz dieselů Německa staví na odhadech. Pětiletá auta na odpis
107035967,"Já si marně vzpomínám, kdy politici místo restrikcí něco povolili. Snad prodloužení intervalu technické u motorek. Jinak se pořád zpřísňuje ve všech oblastech života. A je úplně jedno která strana je u vesla",[],107034947_2,Politici vždy jen zpřísňují nařízení ve všech oblastech života.,Nejpřísnější zákaz dieselů Německa staví na odhadech. Pětiletá auta na odpis
107036023,"Já si marně vzpomínám, kdy politici místo restrikcí něco povolili. Snad prodloužení intervalu technické u motorek. Jinak se pořád zpřísňuje ve všech oblastech života. A je úplně jedno která strana je u vesla",[],107034947_2,"Zpřísňování nařízení nezáleží na tom, jací politici jsou ve vládě.",Nejpřísnější zákaz dieselů Německa staví na odhadech. Pětiletá auta na odpis
107039483,"No co se vam na tom nezda? Drive mely elektroauta baterky tak puruznu (i v kufru), a hlavne je to rozdil proti benzinaku - elektro ma baterky v podlaze, a diky tomu ma nizke teziste (o je jen konstatovani faktu, neni to nejake prekvapive odhaleni)","['Mě vždycky rozesměje poznámka o nízkém těžišti díky bateriím v podlaze. Páni novináři, kam jinam byste je asi tak chtěli umístit? Na střechu?']",107356449_1,"Elektroauta mají baterky v podlaze, a díky tomu mají nízké těžiště.",Hybridní Japonec převlečený za hybridního Japonce. Suzuki Across
107039878,"Cena je teda dost sebevedoma, na druhou stranu mensi Peugeot 3008 hybrid stoji 1,2 mega...",[],107327782_1,"Menší Peugeot 3008 hybrid stojí 1,2 mil. Kč.",Hybridní Japonec převlečený za hybridního Japonce. Suzuki Across
107040362,"No, on ten Peugeot ve skutečnosti zas o tolik menší nebude. Vnitřní prostor a kufr jsou v podstatě nastejno. Kompaktnější je jen zvenku.","['Cena je teda dost sebevedoma, na druhou stranu mensi Peugeot 3008 hybrid stoji 1,2 mega...']",107334327_1,Peugeot 3008 hybrid má téměř stejný vnitřní prostor jako Suzuki Across.,Hybridní Japonec převlečený za hybridního Japonce. Suzuki Across
107043244,"No, on ten Peugeot ve skutečnosti zas o tolik menší nebude. Vnitřní prostor a kufr jsou v podstatě nastejno. Kompaktnější je jen zvenku.","['Cena je teda dost sebevedoma, na druhou stranu mensi Peugeot 3008 hybrid stoji 1,2 mega...']",107334327_2,Peugeot 3008 hybrid má téměř stejně velký kufr jako Suzuki Across.,Hybridní Japonec převlečený za hybridního Japonce. Suzuki Across
107044311,"No, on ten Peugeot ve skutečnosti zas o tolik menší nebude. Vnitřní prostor a kufr jsou v podstatě nastejno. Kompaktnější je jen zvenku.","['Cena je teda dost sebevedoma, na druhou stranu mensi Peugeot 3008 hybrid stoji 1,2 mega...']",107334327_2,Peugeot 3008 hybrid je zvenčí kompaktnější než Suzuki Across. ,Hybridní Japonec převlečený za hybridního Japonce. Suzuki Across
107036084,"Ani prihlasovani pomoci uctu Microsoftu neni extra bezpecny, stale plati, ze si taky mohu povolit ucet Administrator a pres nej se k souborum uzivatelu dostat, proto pokud chci mit data v bezpeci, tak jedine je mit sifrovana.",[],106917164_1,"Pokud mají být data v bezpečí, musí být šifrovaná.",Zapomenuté heslo k Windows můžete resetovat. Až na výjimku to jde snadno
107036467,"Ani prihlasovani pomoci uctu Microsoftu neni extra bezpecny, stale plati, ze si taky mohu povolit ucet Administrator a pres nej se k souborum uzivatelu dostat, proto pokud chci mit data v bezpeci, tak jedine je mit sifrovana.",[],106917164_2,Přihlašování pomocí účtu Microsoft není extra bezpečné.,Zapomenuté heslo k Windows můžete resetovat. Až na výjimku to jde snadno
107047254,"... pokud chci mit data v bezpeci, tak jedine je mit sifrovana a na Linuxu.","['Ani prihlasovani pomoci uctu Microsoftu neni extra bezpecny, stale plati, ze si taky mohu povolit ucet Administrator a pres nej se k souborum uzivatelu dostat, proto pokud chci mit data v bezpeci, tak jedine je mit sifrovana.']",106959568_1,"Data jsou v bezpečí, jen pokud jsou šifrovaná a na Linuxu.",Zapomenuté heslo k Windows můžete resetovat. Až na výjimku to jde snadno
107035888,"A zapomněli jste na variantu, že je disk šifrovaný Bitlockerem a vy nevíte heslo. To už takhle jednoduše nejde. Proto je ve většině firemních politik vyžadováno šifrování disku.",[],106916915_1,"Pokud je disk šifrovaný BitLockerem, nelze jednoduše resetovat heslo.",Zapomenuté heslo k Windows můžete resetovat. Až na výjimku to jde snadno
107037867,"A zapomněli jste na variantu, že je disk šifrovaný Bitlockerem a vy nevíte heslo. To už takhle jednoduše nejde. Proto je ve většině firemních politik vyžadováno šifrování disku.",[],106916915_2,Ve většině firemních politik je vyžadováno šifrování disku.,Zapomenuté heslo k Windows můžete resetovat. Až na výjimku to jde snadno
107035883,Heslo ve Windows je totiž jen na okrasu.,[],106915487_1,Heslo ve Windows je jen na ozdobu.,Zapomenuté heslo k Windows můžete resetovat. Až na výjimku to jde snadno
107035880,"A myslíte, že v Linuxu není jen na okrasu? Jakmile máte fyzický přístup k počítači, tak jde nastavit rootovské heslo také. Proto se servery zamykají.",['Heslo ve Windows je totiž jen na okrasu.'],106916949_1,"Pokud máte fyzický přístup k počítači, můžete nastavit rootovské heslo.",Zapomenuté heslo k Windows můžete resetovat. Až na výjimku to jde snadno
107035869,"A myslíte, že v Linuxu není jen na okrasu? Jakmile máte fyzický přístup k počítači, tak jde nastavit rootovské heslo také. Proto se servery zamykají.",['Heslo ve Windows je totiž jen na okrasu.'],106916949_2,"Servery se zamykají, aby nešlo nastavit rootovské heslo.",Zapomenuté heslo k Windows můžete resetovat. Až na výjimku to jde snadno
107035804,Neni. Linux totiz s vice uzivateli pocital od zacatku po vzoru Unixu. Windows to ma dohackovane dost bidne,"['A myslíte, že v Linuxu není jen na okrasu? Jakmile máte fyzický přístup k počítači, tak jde nastavit rootovské heslo také. Proto se servery zamykají.', 'Heslo ve Windows je totiž jen na okrasu.']",106918334_1,Linux s více uživateli počítal od svého vzniku.,Zapomenuté heslo k Windows můžete resetovat. Až na výjimku to jde snadno
107038278,Neni. Linux totiz s vice uzivateli pocital od zacatku po vzoru Unixu. Windows to ma dohackovane dost bidne,"['A myslíte, že v Linuxu není jen na okrasu? Jakmile máte fyzický přístup k počítači, tak jde nastavit rootovské heslo také. Proto se servery zamykají.', 'Heslo ve Windows je totiž jen na okrasu.']",106918334_2,Windows má špatně vyřešený přístup více uživatelů.,Zapomenuté heslo k Windows můžete resetovat. Až na výjimku to jde snadno
107035746,Michate hrusky a jabka. Windows NT koexistovaly s klasickymi Windows az do Windows 2000.,"['minimalne nt 3.1 rok 1993', 'Windows s více uživateli počítá od prvních Windows NT, tedy od roku 2001. Horší je, že s nimi nepočítali programátoři aplikací, zkažení programováním pro dosovskou větev Windows. Tím došlo k potřebě pracovat s právy admina, protože programátoři taky programovali jako admini a o práva se nestarali. Ještě dnes narazíte na některé aplikace, které vám pod obyčejným userem nepůjdou, třeba částečně. A dělat něco jako Guest v podstatě nejde.', 'Neni. Linux totiz s vice uzivateli pocital od zacatku po vzoru Unixu. Windows to ma dohackovane dost bidne', 'A myslíte, že v Linuxu není jen na okrasu? Jakmile máte fyzický přístup k počítači, tak jde nastavit rootovské heslo také. Proto se servery zamykají.', 'Heslo ve Windows je totiž jen na okrasu.']",106921102_1,Windows NT koexistovaly s klasickými Windows až do verze 2000.,Zapomenuté heslo k Windows můžete resetovat. Až na výjimku to jde snadno
107035641,"Pokud mate fyzicky pristup k pocitaci a disk neni sifrovany, tak linux nepomuze.Ale stale lepsi nez win, kde sifrovani je dostupne az pro verzi pro.","['Neni. Linux totiz s vice uzivateli pocital od zacatku po vzoru Unixu. Windows to ma dohackovane dost bidne', 'A myslíte, že v Linuxu není jen na okrasu? Jakmile máte fyzický přístup k počítači, tak jde nastavit rootovské heslo také. Proto se servery zamykají.', 'Heslo ve Windows je totiž jen na okrasu.']",106922033_1,"Pokud máte nešifrovaný disk a fyzický přístup k počítači, nepomůže vám, že máte Linux.",Zapomenuté heslo k Windows můžete resetovat. Až na výjimku to jde snadno
107036751,"Pokud mate fyzicky pristup k pocitaci a disk neni sifrovany, tak linux nepomuze.Ale stale lepsi nez win, kde sifrovani je dostupne az pro verzi pro.","['Neni. Linux totiz s vice uzivateli pocital od zacatku po vzoru Unixu. Windows to ma dohackovane dost bidne', 'A myslíte, že v Linuxu není jen na okrasu? Jakmile máte fyzický přístup k počítači, tak jde nastavit rootovské heslo také. Proto se servery zamykají.', 'Heslo ve Windows je totiž jen na okrasu.']",106922033_2,Ve Windows je šifrování dostupné až pro Pro verzi.,Zapomenuté heslo k Windows můžete resetovat. Až na výjimku to jde snadno
107035499,V monopolu nemate moznost volby a o to jde,"['Proboha vy jste fakt ekonomikou nepolibenej.Svobodne se rozhodnout na svobodnem trhu znamena, ze prodejce se svobodne rozhodne co a za jakou cenu bude prodavat a zakaznik se svobodne rozhodne, zda za danou cenu koupi, nebo ne.Obe strany se svobodne rozhoduji, zda s podminkami obchodu souhlasi.Svoboda rozhodne neni to co naznacujete vy, tedy ze zakaznik se bude rozhodovat, kolik za produkt zaplati a prodejce jen bude soupat nohama.To je jako bych ja prisel k vam, ze od vas kupuju vas barak a ze se chci svobodne rozhodnout, kolik vam za nej zaplatim.Kde jste tohle proboha videl? Vy takhle nekde neco kupujete? Rohliky? Dovolenou? Auto? Tohle nikde nefunguje.To je vase socialisticko piratska utopie.', 'Vazne si vybiraji co chteji? Kde mam na vyber jestli chci nebo nechci platit za WIndows?', 'Proboha. No vám něco říkat o ekonomice a o sobjektivní volbě je asi jako házet perly sviním.Já vám vysvětlím, že lidi se v naprosto svobodné volbě sami a dobrovolně rozhodují pro Windows a že je to zcela evidentní důkaz, že pro drtivou většinu lidí jsou Windows za peníze lepší volba, než linux zadarmo a vy mě na to napíšete takový blábol.Proč by proboha někdo někoho měl k něčemu nutit? Lidi si naprosto svobodně vybírají co chtějí. To že nemůžete psychicky ustát, že si nevybírají linux a chtěl by jste je k tomu nutit přeci není žádný důkaz toho, že je to pro ně lepší volba.Proč by měli být výrobci nuceni prodávat počítače bez OS? Výrobci mohou naprosto svobodně rozhodovat co chtějí prodávat a prodávají to o co je na trhu žádané. Mohou prodávat a i počítače bez OS a také to dělají. Jen je o to tak malý zájem, že jich je v nabídce pár.Mohou klidně prodávat i počítače s předinstalovaným linuxem. Nedělají to jen proto, že o to není zájem.Ale chápu váš pohled. Linux je super a lidi to nechápou a kupujou si windows. Protože všichni jsou hloupí a vy jste chytrej.Když jim zákonem zakážeme kupovat si windows a vnutíme jim linux, tak na nich spácháme dobro.Hmmm. Klasické levičácké uvažování. Lidi si dělají co chtějí a to vy nemůžete vystát.', '&gt; Pak také vaše prohlášení, že Linux prolomit nejde.To zni hrozne, jeste, ze jsem nic takoveho nerekl &gt; Je pozoruhodné, že mezi běžnými uživateli v souboji mezi linuxem zdarma a windows za peníze dlouhodobě válcují Windows Linuxy a to přesto, že už dvacet let slýchám, jak už je ten linux použitelný i na doma.Kdyby byli prodejci donuceni nabizet alternativu bez OS o cenu licence Windows levnejsi, monopol Microsoftu by byl razem narusen. Dokud jeden dava hromady penez do marketingu a uplaci vyrobce tak se situace nezmeni.', 'Tak jednak vaše prohlášení, že multiuser je na Windows špatně udělaný.Pak také vaše prohlášení, že Linux prolomit nejde.Jinak okomentuju to vaše placení za podřadný systém.Poskytnu vám malé školení o ekonomii a to zcela zdarma. Můžete ho šířit i ostatním linuxákům. Prostě takové GNU, jen s rozdílem, že nedávám svolení má slova modifikovat ;)Každá živá bytost, každý i právní podnikající subjekt se řídí a to i nevědomky principem maximalizace osobního užitku. Své omezené prostředky se snažíme vynaložit tak, aby nám přinesly co nejvyšší subjektivní užitek.Proto se na volném trhu bez jakéhokoliv centálního řízení prosazují funkční řešení (ve smyslu cena/užitek) a ta nefunkční zanikají. Je pozoruhodné, že mezi běžnými uživateli v souboji mezi linuxem zdarma a windows za peníze dlouhodobě válcují Windows Linuxy a to přesto, že už dvacet let slýchám, jak už je ten linux použitelný i na doma.Tedy v tom ""přírodním výběru"", který neustále probíhá díky volbě jednotlivců maximalizujících svůj užitek dává stále většina lidí přednost Windows.Linux jim nepřináší dostatečný subjektivní užitek a to ani přes to, že je zdarma.', 'Co presne? Vim, ze Vas muze mrzet, ze platite za podradny OS :)', 'To je ale blabol.', 'Neni. Linux totiz s vice uzivateli pocital od zacatku po vzoru Unixu. Windows to ma dohackovane dost bidne', 'A myslíte, že v Linuxu není jen na okrasu? Jakmile máte fyzický přístup k počítači, tak jde nastavit rootovské heslo také. Proto se servery zamykají.', 'Heslo ve Windows je totiž jen na okrasu.']",106947824_1,V monopolu není možnost volby.,Zapomenuté heslo k Windows můžete resetovat. Až na výjimku to jde snadno
107035689,V Australii zije ex-pat samoanska komunita a v australske NRL (ragbyova liga) hraje spousta Samoanu. Jeste zadne sve protivniky nesnedli.,"['Já bych jim nevěřil. Pořád bych měl pocit, že na mě koukají jako na chodící řízek.']",107470302_1,V Austrálii žije ex-pat samoánská komunita.,Samoa: ostrovy kanibalů už turisty vítají s otevřenou náručí
107049702,V Australii zije ex-pat samoanska komunita a v australske NRL (ragbyova liga) hraje spousta Samoanu. Jeste zadne sve protivniky nesnedli.,"['Já bych jim nevěřil. Pořád bych měl pocit, že na mě koukají jako na chodící řízek.']",107470302_2,V australské ragbyové lize hraje spousta Samoánců.,Samoa: ostrovy kanibalů už turisty vítají s otevřenou náručí
107035468,V Australii zije ex-pat samoanska komunita a v australske NRL (ragbyova liga) hraje spousta Samoanu. Jeste zadne sve protivniky nesnedli.,"['Já bych jim nevěřil. Pořád bych měl pocit, že na mě koukají jako na chodící řízek.']",107470302_2,Samoánci v australské ragbyové lize nesnědli žádného ze svých protivníků.,Samoa: ostrovy kanibalů už turisty vítají s otevřenou náručí
107035547,"Kanibalové na ostrově Samoa těžko budou mít reggae v krvi, to vzniklo na úplně jiném ostrově, v úplně jiném moři...Jsem na takové málo informované poznámky trochu alergická, ale možná za to může tahle moje diagnóza:https://www.youtube.com/watch?v=7MEqaQJ9lqU",[],107139159_1,Reggae vzniklo na jiném ostrově než Samoa.,Samoa: ostrovy kanibalů už turisty vítají s otevřenou náručí
107036363,"Kanibalové na ostrově Samoa těžko budou mít reggae v krvi, to vzniklo na úplně jiném ostrově, v úplně jiném moři...Jsem na takové málo informované poznámky trochu alergická, ale možná za to může tahle moje diagnóza:https://www.youtube.com/watch?v=7MEqaQJ9lqU",[],107139159_2,"Reggae vzniklo na ostrově v jiném moři než v tom, kde se nachází ostrov Samoa.",Samoa: ostrovy kanibalů už turisty vítají s otevřenou náručí
107036603,"take me to zarazilo, protoze typicka hudba zdejsi a novozelandske ex-pat samoanske komunity je typicky tichomorska (bubny, ukulele, kytary).Reggae je znama hudba Afro-jamajcanu , tedy uplne jiny ocean!Trochu jsem si zagoogloval. Podarilo se mi zjistit, ze na Samou se pres nedalekou Americkou Samou (soucast zamorskych teritorii USA) v novejsi dobe dostala ""havajska verze reggae"" a zpopularizovala tam, ale neprekonala puvodni tichomorskou hudebni kulturu.","['Kanibalové na ostrově Samoa těžko budou mít reggae v krvi, to vzniklo na úplně jiném ostrově, v úplně jiném moři...Jsem na takové málo informované poznámky trochu alergická, ale možná za to může tahle moje diagnóza:https://www.youtube.com/watch?v=7MEqaQJ9lqU']",107470821_1,"Typická tichomořská hudba má bubny, ukulele a kytary.",Samoa: ostrovy kanibalů už turisty vítají s otevřenou náručí
107050176,"take me to zarazilo, protoze typicka hudba zdejsi a novozelandske ex-pat samoanske komunity je typicky tichomorska (bubny, ukulele, kytary).Reggae je znama hudba Afro-jamajcanu , tedy uplne jiny ocean!Trochu jsem si zagoogloval. Podarilo se mi zjistit, ze na Samou se pres nedalekou Americkou Samou (soucast zamorskych teritorii USA) v novejsi dobe dostala ""havajska verze reggae"" a zpopularizovala tam, ale neprekonala puvodni tichomorskou hudebni kulturu.","['Kanibalové na ostrově Samoa těžko budou mít reggae v krvi, to vzniklo na úplně jiném ostrově, v úplně jiném moři...Jsem na takové málo informované poznámky trochu alergická, ale možná za to může tahle moje diagnóza:https://www.youtube.com/watch?v=7MEqaQJ9lqU']",107470821_2,Reggae je hudba Afro-Jamaicanů.,Samoa: ostrovy kanibalů už turisty vítají s otevřenou náručí
107065074,"take me to zarazilo, protoze typicka hudba zdejsi a novozelandske ex-pat samoanske komunity je typicky tichomorska (bubny, ukulele, kytary).Reggae je znama hudba Afro-jamajcanu , tedy uplne jiny ocean!Trochu jsem si zagoogloval. Podarilo se mi zjistit, ze na Samou se pres nedalekou Americkou Samou (soucast zamorskych teritorii USA) v novejsi dobe dostala ""havajska verze reggae"" a zpopularizovala tam, ale neprekonala puvodni tichomorskou hudebni kulturu.","['Kanibalové na ostrově Samoa těžko budou mít reggae v krvi, to vzniklo na úplně jiném ostrově, v úplně jiném moři...Jsem na takové málo informované poznámky trochu alergická, ale možná za to může tahle moje diagnóza:https://www.youtube.com/watch?v=7MEqaQJ9lqU']",107470821_2,Na Samou se dostala havajská verze reggae.,Samoa: ostrovy kanibalů už turisty vítají s otevřenou náručí
107036640,"Jakože zvířata jiný zvířata nemučí? Viděl jste někdy třeba kosatky na lovu? Samozřejmě si k tomu nevyrábí nástroje, ovšem vynalézavý jsou až až.",['len človek toto dokáže'],106928437_1,Kosatky při lovu mučí jiná zvířata.,Krutost s exotickými názvy: španělské grilování i kubánská kravata
107050186,"Šimpanzi používají na sousední tlupy odstrašující metody - pořádají výpravy na zatoulané jedince, které mrzačí, ale nezabíjejí: jen ať se postižený doplazí ke svým a vyděsí je. Každý přírodní druh jde až na hranici toho, co dokáže vymyslet. Co vymyslet nedokáže, to nedělá. Není to tak, že by něco mohl, ale řekl si ""ne ne, to je ošklivé, to dělat nebudeme"". Lidé nejsou zlejší, jen toho dokáží víc vymyslet.","['tak dosť o tomto viem ..... je to strátégia ich lovu, napríklad ako oddeliť mláďa veľryby od matky, ako omráčiť hejno rýb, občas ukazujú mladým ako loviť a naháňať tuleňa, možno sa to môže zdať že sa s ním hrajú ...... ale ak si myslíte že dakoho týmto cielene mučia ste na fakt veľkom omyle ...... máte iný príklad mučenia? cieleného dlhodobého a ak ste si nevšimli na vlastnej rase?', 'Jakože zvířata jiný zvířata nemučí? Viděl jste někdy třeba kosatky na lovu? Samozřejmě si k tomu nevyrábí nástroje, ovšem vynalézavý jsou až až.', 'len človek toto dokáže']",106934748_1,Šimpanzi používají vůči sousedním tlupám zastrašující metody.,Krutost s exotickými názvy: španělské grilování i kubánská kravata
107037926,"Šimpanzi používají na sousední tlupy odstrašující metody - pořádají výpravy na zatoulané jedince, které mrzačí, ale nezabíjejí: jen ať se postižený doplazí ke svým a vyděsí je. Každý přírodní druh jde až na hranici toho, co dokáže vymyslet. Co vymyslet nedokáže, to nedělá. Není to tak, že by něco mohl, ale řekl si ""ne ne, to je ošklivé, to dělat nebudeme"". Lidé nejsou zlejší, jen toho dokáží víc vymyslet.","['tak dosť o tomto viem ..... je to strátégia ich lovu, napríklad ako oddeliť mláďa veľryby od matky, ako omráčiť hejno rýb, občas ukazujú mladým ako loviť a naháňať tuleňa, možno sa to môže zdať že sa s ním hrajú ...... ale ak si myslíte že dakoho týmto cielene mučia ste na fakt veľkom omyle ...... máte iný príklad mučenia? cieleného dlhodobého a ak ste si nevšimli na vlastnej rase?', 'Jakože zvířata jiný zvířata nemučí? Viděl jste někdy třeba kosatky na lovu? Samozřejmě si k tomu nevyrábí nástroje, ovšem vynalézavý jsou až až.', 'len človek toto dokáže']",106934748_2,"Šimpanzi pořádají výpravy na zatoulané jedince, které mrzačí, ale nezabíjejí – jen ať se postižený doplazí ke svým a vyděsí je.",Krutost s exotickými názvy: španělské grilování i kubánská kravata
107050248,"Šimpanzi používají na sousední tlupy odstrašující metody - pořádají výpravy na zatoulané jedince, které mrzačí, ale nezabíjejí: jen ať se postižený doplazí ke svým a vyděsí je. Každý přírodní druh jde až na hranici toho, co dokáže vymyslet. Co vymyslet nedokáže, to nedělá. Není to tak, že by něco mohl, ale řekl si ""ne ne, to je ošklivé, to dělat nebudeme"". Lidé nejsou zlejší, jen toho dokáží víc vymyslet.","['tak dosť o tomto viem ..... je to strátégia ich lovu, napríklad ako oddeliť mláďa veľryby od matky, ako omráčiť hejno rýb, občas ukazujú mladým ako loviť a naháňať tuleňa, možno sa to môže zdať že sa s ním hrajú ...... ale ak si myslíte že dakoho týmto cielene mučia ste na fakt veľkom omyle ...... máte iný príklad mučenia? cieleného dlhodobého a ak ste si nevšimli na vlastnej rase?', 'Jakože zvířata jiný zvířata nemučí? Viděl jste někdy třeba kosatky na lovu? Samozřejmě si k tomu nevyrábí nástroje, ovšem vynalézavý jsou až až.', 'len človek toto dokáže']",106934748_2,"Každý přírodní druh jde až na hranici toho, co dokáže vymyslet.",Krutost s exotickými názvy: španělské grilování i kubánská kravata
107035671,"Nesúhlasím. Zoberte si zvieratá najbližšie k nám, teda tie viac inteligentné (gorily, delfíny a podobne). Myslím že by toho vymysleli oveľa viac. A vôbec to nemyslím tak že ""ne ne, to je ošklivé"" ..... ja tvrdím, že ľudia sú zlejší. Čo chcete vymýšľať na vraždiacich výpravách, vojskách, keď sa celá armáda, skupina vybrala niekam a len tak, bez ničoho, dosť kruto vyničila celú osadu, dedinu, celý kmeň. Čo je na tom o vymýšľaní keď sa tu ničíme 5000 rokov???","['Šimpanzi používají na sousední tlupy odstrašující metody - pořádají výpravy na zatoulané jedince, které mrzačí, ale nezabíjejí: jen ať se postižený doplazí ke svým a vyděsí je. Každý přírodní druh jde až na hranici toho, co dokáže vymyslet. Co vymyslet nedokáže, to nedělá. Není to tak, že by něco mohl, ale řekl si ""ne ne, to je ošklivé, to dělat nebudeme"". Lidé nejsou zlejší, jen toho dokáží víc vymyslet.', 'tak dosť o tomto viem ..... je to strátégia ich lovu, napríklad ako oddeliť mláďa veľryby od matky, ako omráčiť hejno rýb, občas ukazujú mladým ako loviť a naháňať tuleňa, možno sa to môže zdať že sa s ním hrajú ...... ale ak si myslíte že dakoho týmto cielene mučia ste na fakt veľkom omyle ...... máte iný príklad mučenia? cieleného dlhodobého a ak ste si nevšimli na vlastnej rase?', 'Jakože zvířata jiný zvířata nemučí? Viděl jste někdy třeba kosatky na lovu? Samozřejmě si k tomu nevyrábí nástroje, ovšem vynalézavý jsou až až.', 'len človek toto dokáže']",106934997_1,Lidé jsou horší než jiná zvířata.,Krutost s exotickými názvy: španělské grilování i kubánská kravata
107035816,Na bolestivé břicho čaj z majoránky. I na velké křeče.,"['No..myslela jsem, ze bude clanek o tom, jak vyzrat nad bolesti (bricho, prsa), ale clanek byl o necem uplne jinem.Tak jen za sebe pro ty, ktete by to cetly, muzu na bolest prsou behem menstruace poradit Pupalkovy olej. Uzivam v tobolkach a uz me fakt neboli. Nekde jsem si to nasla jako radu. Na bolestive bricho porad nevim \uf61f']",106943553_1,Čaj z majoránky pomáhá na bolest břicha.,Už žádné bolesti. Vyzkoušejte alternativní menstruační pomůcky
107036319,Na bolestivé břicho čaj z majoránky. I na velké křeče.,"['No..myslela jsem, ze bude clanek o tom, jak vyzrat nad bolesti (bricho, prsa), ale clanek byl o necem uplne jinem.Tak jen za sebe pro ty, ktete by to cetly, muzu na bolest prsou behem menstruace poradit Pupalkovy olej. Uzivam v tobolkach a uz me fakt neboli. Nekde jsem si to nasla jako radu. Na bolestive bricho porad nevim \uf61f']",106943553_2,Čaj z majoránky pomáhá na křeče v břiše.,Už žádné bolesti. Vyzkoušejte alternativní menstruační pomůcky
107036361,Jen k upřesnění. V Evropě se dobytek samozřejmě nezabíjí elektrickým proudem. Tím se jen omráčí aby ve chvíli podřezání nebyl při vědomí.,[],107129316_1,V Evropě se dobytek nezabíjí elektrickým proudem.,"Čtenáři cestují: Krev zvířat a mrtví doma. Sulawesi nám ukázalo, co je smrt"
107036371,Jen k upřesnění. V Evropě se dobytek samozřejmě nezabíjí elektrickým proudem. Tím se jen omráčí aby ve chvíli podřezání nebyl při vědomí.,[],107129316_2,"Elektrickým proudem se dobytek jen omráčí, aby nebyl při podřezání při vědomí.","Čtenáři cestují: Krev zvířat a mrtví doma. Sulawesi nám ukázalo, co je smrt"
107036460,"Sulawesi je velky ostrov vedle Bornea a Tana Toraja je oblast ve vnitrozemi. Ostrov spada pod Indonesia. Pred 10 lety jsem absoluoval stejny zazitek, autorka to popsala pomerne presne. Na Sulawesi jsem stravil zhruba mesic a rozhodne je to misto ktere stoji za navstevu. Zadni turiste, par batuzkaru. Sulawesi je take znamo jako jedno z nejlepsich mist na potapeni na svete.","['Asi jsem ignorant, ale ocenil bych, kdyby někde v článku byla zmínka o tom, o jakou část světa se vlastně jedná. Protože přiznám se, že Sulawesi ani Torajové nejsou pojmy, které by spadaly do mých všeobecných znalostí. Možná tam zmínka je, třeba jsem to přehlédl.']",107138641_1,Sulawesi je velký ostrov vedle Bornea.,"Čtenáři cestují: Krev zvířat a mrtví doma. Sulawesi nám ukázalo, co je smrt"
107050418,"Sulawesi je velky ostrov vedle Bornea a Tana Toraja je oblast ve vnitrozemi. Ostrov spada pod Indonesia. Pred 10 lety jsem absoluoval stejny zazitek, autorka to popsala pomerne presne. Na Sulawesi jsem stravil zhruba mesic a rozhodne je to misto ktere stoji za navstevu. Zadni turiste, par batuzkaru. Sulawesi je take znamo jako jedno z nejlepsich mist na potapeni na svete.","['Asi jsem ignorant, ale ocenil bych, kdyby někde v článku byla zmínka o tom, o jakou část světa se vlastně jedná. Protože přiznám se, že Sulawesi ani Torajové nejsou pojmy, které by spadaly do mých všeobecných znalostí. Možná tam zmínka je, třeba jsem to přehlédl.']",107138641_2,Tana Toraja je oblast ve vnitrozemí.,"Čtenáři cestují: Krev zvířat a mrtví doma. Sulawesi nám ukázalo, co je smrt"
107054446,"Sulawesi je velky ostrov vedle Bornea a Tana Toraja je oblast ve vnitrozemi. Ostrov spada pod Indonesia. Pred 10 lety jsem absoluoval stejny zazitek, autorka to popsala pomerne presne. Na Sulawesi jsem stravil zhruba mesic a rozhodne je to misto ktere stoji za navstevu. Zadni turiste, par batuzkaru. Sulawesi je take znamo jako jedno z nejlepsich mist na potapeni na svete.","['Asi jsem ignorant, ale ocenil bych, kdyby někde v článku byla zmínka o tom, o jakou část světa se vlastně jedná. Protože přiznám se, že Sulawesi ani Torajové nejsou pojmy, které by spadaly do mých všeobecných znalostí. Možná tam zmínka je, třeba jsem to přehlédl.']",107138641_2,Sulawesi spadá pod Indonésii.,"Čtenáři cestují: Krev zvířat a mrtví doma. Sulawesi nám ukázalo, co je smrt"
107061118,"Sulawesi je velky ostrov vedle Bornea a Tana Toraja je oblast ve vnitrozemi. Ostrov spada pod Indonesia. Pred 10 lety jsem absoluoval stejny zazitek, autorka to popsala pomerne presne. Na Sulawesi jsem stravil zhruba mesic a rozhodne je to misto ktere stoji za navstevu. Zadni turiste, par batuzkaru. Sulawesi je take znamo jako jedno z nejlepsich mist na potapeni na svete.","['Asi jsem ignorant, ale ocenil bych, kdyby někde v článku byla zmínka o tom, o jakou část světa se vlastně jedná. Protože přiznám se, že Sulawesi ani Torajové nejsou pojmy, které by spadaly do mých všeobecných znalostí. Možná tam zmínka je, třeba jsem to přehlédl.']",107138641_2,Sulawesi je známé jako jedno z nejlepších míst pro potápění na světě.,"Čtenáři cestují: Krev zvířat a mrtví doma. Sulawesi nám ukázalo, co je smrt"
107037891,"Vetsinou to funguje tak ze Vas pruvodce je Torajan, ktery ma pristup. Oni smrt vidi jinak nez my a je to pro ne duvod k oslave neboztika. Na pohrbu ktereho jsme se zucastnili byli stovky lidi, vsichni byli velice pratelsti a brali nas spis jako hosty nez turisty. Jestli jim ten pruvodce neco da za to ze se muzete ucastnit to nevim, ale najmout si pruvodce na 3 dny nebylo vubec drahy. Uz si presne nepamatuji, je to 10 let. Nas rozhodne nikdo “nezkasiroval” stranou.","['No jde mi o to, jestli pro místní jsou turisté pořád taková atrakce, že je rádi poznají a při té příležitosti se pochlubí dědečkem ve skříni (jako Škopková se svojí echt jihočeskou veselkou), jnebo je to pro ně už jen vítaný přivýdělek a jsou si vědomi toho, že jejich zvyky jsou pro ostatní kultury dost bizarní a možná je udržují také z důvodu turismu. To je dost podstatná informace.', 'Proboha nepřepočítávejte vše na peníze ... První část dotazu je zajímavá ...', 'To tam vážně funguje takováhle pohřební turistika? Nebo to byla čirá náhoda? Stála účast na pohřbu něco?']",107138712_1,Torajani vidí smrt jako důvod k oslavě zesnulého.,"Čtenáři cestují: Krev zvířat a mrtví doma. Sulawesi nám ukázalo, co je smrt"
107035416,Pekny a trefny clanek. Osobne vyznavam tvrdy pristup jaky maji v Oregonu. Tedy extremni pokuty a postihy za znecistovani prirody a nerespektovani narizeni. Ve zminenem Oregonu treba pokuta za znecistovani az do $6250.,[],106960997_1,V Oregonu je pokuta za znečišťování až 6250 dolarů.,Hurá jedeme na hory! Nápor neohleduplných turistů ničí českou přírodu
107035517,Ze skamenelych kosti moc genetickeho materialu nevyskrabete.,['Trosku vetsi a chlupatejsi slon me nezajima. Ja chci Tyranosaura.'],106915152_1,Ze zkamenělých kostí nelze vyškrábat mnoho genetického materiálu.,"Americká univerzita hledá někoho, kdo by oživil mrtvé a zachránil svět"
107036386,"genetický materiál nebude až tak problém, existuje hodně zmrzlých mamutích pozustatků ...navíc genom mamuta je celkem dobře zdokumentovaný, před pár lety jsem dokonce četl studii že by mohl mládě mamuta odnosit slon.","['Ze skamenelych kosti moc genetickeho materialu nevyskrabete.', 'Trosku vetsi a chlupatejsi slon me nezajima. Ja chci Tyranosaura.']",106915584_1,Existuje hodně zmrzlých mamutích pozůstatků.,"Americká univerzita hledá někoho, kdo by oživil mrtvé a zachránil svět"
107035375,"genetický materiál nebude až tak problém, existuje hodně zmrzlých mamutích pozustatků ...navíc genom mamuta je celkem dobře zdokumentovaný, před pár lety jsem dokonce četl studii že by mohl mládě mamuta odnosit slon.","['Ze skamenelych kosti moc genetickeho materialu nevyskrabete.', 'Trosku vetsi a chlupatejsi slon me nezajima. Ja chci Tyranosaura.']",106915584_2,Genom mamuta je dobře zdokumentovaný.,"Americká univerzita hledá někoho, kdo by oživil mrtvé a zachránil svět"
107035618,"genetický materiál nebude až tak problém, existuje hodně zmrzlých mamutích pozustatků ...navíc genom mamuta je celkem dobře zdokumentovaný, před pár lety jsem dokonce četl studii že by mohl mládě mamuta odnosit slon.","['Ze skamenelych kosti moc genetickeho materialu nevyskrabete.', 'Trosku vetsi a chlupatejsi slon me nezajima. Ja chci Tyranosaura.']",106915584_2,"Existuje studie tvrdící, že by mladý mamut mohl být odnosit slon.","Americká univerzita hledá někoho, kdo by oživil mrtvé a zachránil svět"
107035862,A kde je zmínka o antivirotikách typu Isoprinosin a Ivermectin?,[],106930801_1,Isoprinosin je antivirotikum.,"Pneumoložka: Proti covidu pomůže aspirin, u rizikových lidí bamlanivimab"
107036869,A kde je zmínka o antivirotikách typu Isoprinosin a Ivermectin?,[],106930801_2,Ivermektin je antivirotikum.,"Pneumoložka: Proti covidu pomůže aspirin, u rizikových lidí bamlanivimab"
107035374,"Isoprinosine není antivirotikum - svým mechanismem účinku. I když se u viróz používá, to ano. Nicméně já jsem prodělala extrémně těžký COVID a myslím, že Isoprinosine mi byl spíše na škodu. Věřím, že může být užitečný u lehčích průběhů a spíše na začátku onemocnění.",['A kde je zmínka o antivirotikách typu Isoprinosin a Ivermectin?'],106938057_1,Isoprinosin není mechanismem účinku antivirotikum.,"Pneumoložka: Proti covidu pomůže aspirin, u rizikových lidí bamlanivimab"
107035588,"Isoprinosine posiluje imunitu, pokud máte těžký průběh tak je to způsobeno vesměs přehnanou imunitní reakcí a musíte naopak brát kortikoidy, které imunitní reakci zeslabí.Kámoš měl také velmi těžký průběh a po kortikoidech byl za pár dní celkem fit.","['Isoprinosine není antivirotikum - svým mechanismem účinku. I když se u viróz používá, to ano. Nicméně já jsem prodělala extrémně těžký COVID a myslím, že Isoprinosine mi byl spíše na škodu. Věřím, že může být užitečný u lehčích průběhů a spíše na začátku onemocnění.', 'A kde je zmínka o antivirotikách typu Isoprinosin a Ivermectin?']",106951380_1,Isoprinosin posiluje imunitu.,"Pneumoložka: Proti covidu pomůže aspirin, u rizikových lidí bamlanivimab"
107036415,"Isoprinosine posiluje imunitu, pokud máte těžký průběh tak je to způsobeno vesměs přehnanou imunitní reakcí a musíte naopak brát kortikoidy, které imunitní reakci zeslabí.Kámoš měl také velmi těžký průběh a po kortikoidech byl za pár dní celkem fit.","['Isoprinosine není antivirotikum - svým mechanismem účinku. I když se u viróz používá, to ano. Nicméně já jsem prodělala extrémně těžký COVID a myslím, že Isoprinosine mi byl spíše na škodu. Věřím, že může být užitečný u lehčích průběhů a spíše na začátku onemocnění.', 'A kde je zmínka o antivirotikách typu Isoprinosin a Ivermectin?']",106951380_2,Těžký průběh covidu je způsoben přehnanou imunitní reakcí.,"Pneumoložka: Proti covidu pomůže aspirin, u rizikových lidí bamlanivimab"
107037938,"Isoprinosine posiluje imunitu, pokud máte těžký průběh tak je to způsobeno vesměs přehnanou imunitní reakcí a musíte naopak brát kortikoidy, které imunitní reakci zeslabí.Kámoš měl také velmi těžký průběh a po kortikoidech byl za pár dní celkem fit.","['Isoprinosine není antivirotikum - svým mechanismem účinku. I když se u viróz používá, to ano. Nicméně já jsem prodělala extrémně těžký COVID a myslím, že Isoprinosine mi byl spíše na škodu. Věřím, že může být užitečný u lehčích průběhů a spíše na začátku onemocnění.', 'A kde je zmínka o antivirotikách typu Isoprinosin a Ivermectin?']",106951380_2,Při těžkém průběhu covidu je třeba brát kortikoidy.,"Pneumoložka: Proti covidu pomůže aspirin, u rizikových lidí bamlanivimab"
107039519,"BTW: většina obětí Španělské chřipky zahynula právě na extrémně silnou reakci imunitního systému. Kdyby tehdy lidstvo znalo kortikoidy a byly dostupné, tak by oběti Španělské chřipky byly výrazně nižší.","['Isoprinosine posiluje imunitu, pokud máte těžký průběh tak je to způsobeno vesměs přehnanou imunitní reakcí a musíte naopak brát kortikoidy, které imunitní reakci zeslabí.Kámoš měl také velmi těžký průběh a po kortikoidech byl za pár dní celkem fit.', 'Isoprinosine není antivirotikum - svým mechanismem účinku. I když se u viróz používá, to ano. Nicméně já jsem prodělala extrémně těžký COVID a myslím, že Isoprinosine mi byl spíše na škodu. Věřím, že může být užitečný u lehčích průběhů a spíše na začátku onemocnění.', 'A kde je zmínka o antivirotikách typu Isoprinosin a Ivermectin?']",106951511_1,Většina obětí španělské chřipky zahynula na extrémně silnou reakci imunitního systému.,"Pneumoložka: Proti covidu pomůže aspirin, u rizikových lidí bamlanivimab"
107039984,"BTW: většina obětí Španělské chřipky zahynula právě na extrémně silnou reakci imunitního systému. Kdyby tehdy lidstvo znalo kortikoidy a byly dostupné, tak by oběti Španělské chřipky byly výrazně nižší.","['Isoprinosine posiluje imunitu, pokud máte těžký průběh tak je to způsobeno vesměs přehnanou imunitní reakcí a musíte naopak brát kortikoidy, které imunitní reakci zeslabí.Kámoš měl také velmi těžký průběh a po kortikoidech byl za pár dní celkem fit.', 'Isoprinosine není antivirotikum - svým mechanismem účinku. I když se u viróz používá, to ano. Nicméně já jsem prodělala extrémně těžký COVID a myslím, že Isoprinosine mi byl spíše na škodu. Věřím, že může být užitečný u lehčích průběhů a spíše na začátku onemocnění.', 'A kde je zmínka o antivirotikách typu Isoprinosin a Ivermectin?']",106951511_2,"Kdyby lidstvo během španělské chřipky znalo kortikoidy, počet obětí španělské chřipky by byl nižší.","Pneumoložka: Proti covidu pomůže aspirin, u rizikových lidí bamlanivimab"
107040004,"na internetu je asi milion návodů jak cvičit doma nebo v okolí domu s vlastní vahou a jednoduchými dostupnými pomůckami. Ale stejně to tady vypadá, že obezita se u nás poprvé objevila až s uzavírkou okresů",[],106916125_1,"Na internetu je milion návodů, jak cvičit doma nebo v okolí domu.","Pneumoložka: Proti covidu pomůže aspirin, u rizikových lidí bamlanivimab"
107050349,"na internetu je asi milion návodů jak cvičit doma nebo v okolí domu s vlastní vahou a jednoduchými dostupnými pomůckami. Ale stejně to tady vypadá, že obezita se u nás poprvé objevila až s uzavírkou okresů",[],106916125_2,"Na internetu je milion návodů, jak cvičit s vlastní váhou a jednoduchými dostupnými pomůckami.","Pneumoložka: Proti covidu pomůže aspirin, u rizikových lidí bamlanivimab"
107037971,"Já už vyzkoušel hodně antivirů, ale jako nejlepší se mi jeví Kasperski internet security.Ten obsahuje i správu síťového provozu a umožňuje ručně zakázat programům síťovou komunikaci, což jsem u jiných antivirů neměl.Takže jakémukoliv programu můžete zakázat odesílat data (ne vždy je to přínosem) a taky jakémukoliv systémovému programu. Něco podobného nabízí i AVG ale hodně omezeně oproti Kasperskému.",[],107123174_1,Kaspersky Internet Security obsahuje správu síťového provozu.,Co vede uživatele k výměně antiviru od Microsoftu
107050406,"Já už vyzkoušel hodně antivirů, ale jako nejlepší se mi jeví Kasperski internet security.Ten obsahuje i správu síťového provozu a umožňuje ručně zakázat programům síťovou komunikaci, což jsem u jiných antivirů neměl.Takže jakémukoliv programu můžete zakázat odesílat data (ne vždy je to přínosem) a taky jakémukoliv systémovému programu. Něco podobného nabízí i AVG ale hodně omezeně oproti Kasperskému.",[],107123174_2,Kaspersky Internet Security umožňuje ručně zakázat programům síťovou komunikaci.,Co vede uživatele k výměně antiviru od Microsoftu
107038124,"Já už vyzkoušel hodně antivirů, ale jako nejlepší se mi jeví Kasperski internet security.Ten obsahuje i správu síťového provozu a umožňuje ručně zakázat programům síťovou komunikaci, což jsem u jiných antivirů neměl.Takže jakémukoliv programu můžete zakázat odesílat data (ne vždy je to přínosem) a taky jakémukoliv systémovému programu. Něco podobného nabízí i AVG ale hodně omezeně oproti Kasperskému.",[],107123174_2,U jiných antivirů než Kaspersky Internet Security není možné ručně zakázat programu odesílat data.,Co vede uživatele k výměně antiviru od Microsoftu
107035365,"Já už vyzkoušel hodně antivirů, ale jako nejlepší se mi jeví Kasperski internet security.Ten obsahuje i správu síťového provozu a umožňuje ručně zakázat programům síťovou komunikaci, což jsem u jiných antivirů neměl.Takže jakémukoliv programu můžete zakázat odesílat data (ne vždy je to přínosem) a taky jakémukoliv systémovému programu. Něco podobného nabízí i AVG ale hodně omezeně oproti Kasperskému.",[],107123174_2,Ne vždy je přínosem programu zakázat odesílat data.,Co vede uživatele k výměně antiviru od Microsoftu
107035130,"Já už vyzkoušel hodně antivirů, ale jako nejlepší se mi jeví Kasperski internet security.Ten obsahuje i správu síťového provozu a umožňuje ručně zakázat programům síťovou komunikaci, což jsem u jiných antivirů neměl.Takže jakémukoliv programu můžete zakázat odesílat data (ne vždy je to přínosem) a taky jakémukoliv systémovému programu. Něco podobného nabízí i AVG ale hodně omezeně oproti Kasperskému.",[],107123174_2,"AVG nabízí podobné možnosti správy síťového provozu, ale omezenější.",Co vede uživatele k výměně antiviru od Microsoftu
107035886,"Komiks super, jen tak dál! Je s podivem, že tady nikomu nevadí, že Přerov přišel o miliardovou investici a 3500 pracovních míst mimo jiné kvůli tomu, že není napojený na dálnici, protože její výstavbu blokují dva, možná tři lidé.Demokracie není jen o tom, abych mohl projevit svůj názor, ale také o tom, že respektuji a akceptuji názor většiny. A pokud jej neakceptuji, pak je na mě, abych dal dohromady větší většinu",[],106967769_1,"Přerov přišel z důvodu, že není napojen na dálnici, o miliardu investic.",Za dostavbu D1 budou pro ŘSD dál bojovat i autoři útočné komiksové kampaně
107035102,"Komiks super, jen tak dál! Je s podivem, že tady nikomu nevadí, že Přerov přišel o miliardovou investici a 3500 pracovních míst mimo jiné kvůli tomu, že není napojený na dálnici, protože její výstavbu blokují dva, možná tři lidé.Demokracie není jen o tom, abych mohl projevit svůj názor, ale také o tom, že respektuji a akceptuji názor většiny. A pokud jej neakceptuji, pak je na mě, abych dal dohromady větší většinu",[],106967769_2,"Přerov přišel z důvodu, že není napojen na dálnici, o 3500 pracovních míst.",Za dostavbu D1 budou pro ŘSD dál bojovat i autoři útočné komiksové kampaně
107035154,"Komiks super, jen tak dál! Je s podivem, že tady nikomu nevadí, že Přerov přišel o miliardovou investici a 3500 pracovních míst mimo jiné kvůli tomu, že není napojený na dálnici, protože její výstavbu blokují dva, možná tři lidé.Demokracie není jen o tom, abych mohl projevit svůj názor, ale také o tom, že respektuji a akceptuji názor většiny. A pokud jej neakceptuji, pak je na mě, abych dal dohromady větší většinu",[],106967769_2,"Demokracie je i o tom, že se respektuje názor většiny.",Za dostavbu D1 budou pro ŘSD dál bojovat i autoři útočné komiksové kampaně
107035306,"Komiks super, jen tak dál! Je s podivem, že tady nikomu nevadí, že Přerov přišel o miliardovou investici a 3500 pracovních míst mimo jiné kvůli tomu, že není napojený na dálnici, protože její výstavbu blokují dva, možná tři lidé.Demokracie není jen o tom, abych mohl projevit svůj názor, ale také o tom, že respektuji a akceptuji názor většiny. A pokud jej neakceptuji, pak je na mě, abych dal dohromady větší většinu",[],106967769_2,Výstavbu dálnice v Přerově blokují 2–3 lidé.,Za dostavbu D1 budou pro ŘSD dál bojovat i autoři útočné komiksové kampaně
107035372,"On náš prezident má také úplně jiné kompetence než ten americký.Že mají ministři vnitra různé role v různých státech, to samo o sobě není důvod neříkat jim stejně.","['Jeji pozici neni mozne prekladat jako minstryne vnitra. To ma v cesku jiny vyznam.Ale jinak te dame fandim, ten svincik co zustal po Trumpovi je potreba napravit.']",107076871_1,Český prezident má jiné kompetence než ten americký.,Indiánka Haalandová přichází do Washingtonu změnit víc než jen dress code
107035447,"On náš prezident má také úplně jiné kompetence než ten americký.Že mají ministři vnitra různé role v různých státech, to samo o sobě není důvod neříkat jim stejně.","['Jeji pozici neni mozne prekladat jako minstryne vnitra. To ma v cesku jiny vyznam.Ale jinak te dame fandim, ten svincik co zustal po Trumpovi je potreba napravit.']",107076871_2,Ministři vnitra mají v různých státech různé role.,Indiánka Haalandová přichází do Washingtonu změnit víc než jen dress code
107041202,"mýto je ve většině okolních zemích. Jen u nás je to pijavice. Kapsch firma se stoletou tradicí. Asi většina kritizujících jsou samaritání co pracují zadarmo. Stát vybírá na mýtném přes 10 mld ročně. To je hezký příjem do rozpočtu. Tyto peníze měly jít na výstavbu dálnic a modernizaci. Ale bohužel šly na koblihy. To samé EET. Babiš hlásal kolik mld. se vybere navíc. Za to postavíme školy, nemocnice... Neví někdo náhodou o takové stavbě...",[],106920137_1,Mýto je ve většině zemí okolo Česka.,"Miliardový byznys vyschl, technologický obr Kapsch se stahuje z Česka"
107035500,"mýto je ve většině okolních zemích. Jen u nás je to pijavice. Kapsch firma se stoletou tradicí. Asi většina kritizujících jsou samaritání co pracují zadarmo. Stát vybírá na mýtném přes 10 mld ročně. To je hezký příjem do rozpočtu. Tyto peníze měly jít na výstavbu dálnic a modernizaci. Ale bohužel šly na koblihy. To samé EET. Babiš hlásal kolik mld. se vybere navíc. Za to postavíme školy, nemocnice... Neví někdo náhodou o takové stavbě...",[],106920137_2,Kapsch je firma se stoletou tradicí.,"Miliardový byznys vyschl, technologický obr Kapsch se stahuje z Česka"
107035603,"mýto je ve většině okolních zemích. Jen u nás je to pijavice. Kapsch firma se stoletou tradicí. Asi většina kritizujících jsou samaritání co pracují zadarmo. Stát vybírá na mýtném přes 10 mld ročně. To je hezký příjem do rozpočtu. Tyto peníze měly jít na výstavbu dálnic a modernizaci. Ale bohužel šly na koblihy. To samé EET. Babiš hlásal kolik mld. se vybere navíc. Za to postavíme školy, nemocnice... Neví někdo náhodou o takové stavbě...",[],106920137_2,Český stát vybírá na mýtném přes 10 miliard ročně.,"Miliardový byznys vyschl, technologický obr Kapsch se stahuje z Česka"
107035988,"mýto je ve většině okolních zemích. Jen u nás je to pijavice. Kapsch firma se stoletou tradicí. Asi většina kritizujících jsou samaritání co pracují zadarmo. Stát vybírá na mýtném přes 10 mld ročně. To je hezký příjem do rozpočtu. Tyto peníze měly jít na výstavbu dálnic a modernizaci. Ale bohužel šly na koblihy. To samé EET. Babiš hlásal kolik mld. se vybere navíc. Za to postavíme školy, nemocnice... Neví někdo náhodou o takové stavbě...",[],106920137_2,Peníze z českého mýta šly místo modernizace a výstavby dálnic na koblihy.,"Miliardový byznys vyschl, technologický obr Kapsch se stahuje z Česka"
107036075,"mýto je ve většině okolních zemích. Jen u nás je to pijavice. Kapsch firma se stoletou tradicí. Asi většina kritizujících jsou samaritání co pracují zadarmo. Stát vybírá na mýtném přes 10 mld ročně. To je hezký příjem do rozpočtu. Tyto peníze měly jít na výstavbu dálnic a modernizaci. Ale bohužel šly na koblihy. To samé EET. Babiš hlásal kolik mld. se vybere navíc. Za to postavíme školy, nemocnice... Neví někdo náhodou o takové stavbě...",[],106920137_2,"Babiš hlásal, že za miliardy vybrané navíc se postaví školy a nemocnice.","Miliardový byznys vyschl, technologický obr Kapsch se stahuje z Česka"
107035062,"Tak třeba v Říčanech u Prahy se nová škola postavila a letos začne výstavba další. Z jakých peněz nevím, ale peněz města tam bude menší díl, město na budování staveb v úhrnu půl miliardy nemá.","['mýto je ve většině okolních zemích. Jen u nás je to pijavice. Kapsch firma se stoletou tradicí. Asi většina kritizujících jsou samaritání co pracují zadarmo. Stát vybírá na mýtném přes 10 mld ročně. To je hezký příjem do rozpočtu. Tyto peníze měly jít na výstavbu dálnic a modernizaci. Ale bohužel šly na koblihy. To samé EET. Babiš hlásal kolik mld. se vybere navíc. Za to postavíme školy, nemocnice... Neví někdo náhodou o takové stavbě...']",106920854_1,V Říčanech u Prahy se postavila nová škola.,"Miliardový byznys vyschl, technologický obr Kapsch se stahuje z Česka"
107035187,"Tak třeba v Říčanech u Prahy se nová škola postavila a letos začne výstavba další. Z jakých peněz nevím, ale peněz města tam bude menší díl, město na budování staveb v úhrnu půl miliardy nemá.","['mýto je ve většině okolních zemích. Jen u nás je to pijavice. Kapsch firma se stoletou tradicí. Asi většina kritizujících jsou samaritání co pracují zadarmo. Stát vybírá na mýtném přes 10 mld ročně. To je hezký příjem do rozpočtu. Tyto peníze měly jít na výstavbu dálnic a modernizaci. Ale bohužel šly na koblihy. To samé EET. Babiš hlásal kolik mld. se vybere navíc. Za to postavíme školy, nemocnice... Neví někdo náhodou o takové stavbě...']",106920854_2,Říčany u Prahy nemají půl miliardy korun na budování staveb.,"Miliardový byznys vyschl, technologický obr Kapsch se stahuje z Česka"
107035412,"Tak naštěstí se KDU-ČSL nedostalo do vlády, takže nemohlo dál za Kapsch lobovat a ten vývar mu prodloužit ...",[],106919425_1,KDU-ČSL se nedostala do vlády.,"Miliardový byznys vyschl, technologický obr Kapsch se stahuje z Česka"
107035479,"Tak naštěstí se KDU-ČSL nedostalo do vlády, takže nemohlo dál za Kapsch lobovat a ten vývar mu prodloužit ...",[],106919425_2,KDU-ČSL nemohla dál lobovat za Kapsch.,"Miliardový byznys vyschl, technologický obr Kapsch se stahuje z Česka"
107035501,"To není ani o ekologii, ale o ekonomice. Nic proti vlakům, ale kromě transportu záklandích komodit nemá už z hlediska dopravy železnice nárok. Většina nákladních terminálů se proměnila na bownfieldy nebo už rovnou zastavěla. Stavět nové jě velmi draho a upřímně není ani kde je stavět (chybí napojení na už tak trstní silniční infrastrukturu). A upřímně firma potřebuje logistické zabezpečení just-in-time a jestli se bude zboží ještě 2x překládat na/z vlaku vyjde to stejně dráž než kamion. Bohužel doba velkých továren, které měly vlastní vlečku na nejbližší nádraží je pryč a logistické megaareály u velkých měst nemají v drtivé míře možnost se na solidní kapacitní kooej vůbec připojit.","['Takže lidí po neflexibilní železnici chcete tahat ale produkty ne. Zajímavé', 'železnice ovšem není zdaleka tak flexibilní. Nakonec se to stejně musí od železnice dopravit po silnici...', 'Takže dálnice jsou stavěny především pro kamiony? A k čemu jsou železnice?', 'Jenže to zboží převážíme i kvůli vám. Jsou to především potraviny. Takže pokud je nějaké auto na dálnici zbytečné, je to to vaše - jeďte vlakem či autobusem a cesta se tak zrychlí i nám v náklaďácích. Náklad ale autobusy neodvezete...', 'Hlavne ta kamionova doprava je uz neunosna,zbozi se prevazi tam a zpatky.Kdyz jedete po dálnici tak jeden pruh je jen snura kamionu a.druhy jen osobaky.']",106921312_1,Kromě transportu základních komodit už nemá železnice z hlediska dopravy nárok.,"Miliardový byznys vyschl, technologický obr Kapsch se stahuje z Česka"
107035627,"To není ani o ekologii, ale o ekonomice. Nic proti vlakům, ale kromě transportu záklandích komodit nemá už z hlediska dopravy železnice nárok. Většina nákladních terminálů se proměnila na bownfieldy nebo už rovnou zastavěla. Stavět nové jě velmi draho a upřímně není ani kde je stavět (chybí napojení na už tak trstní silniční infrastrukturu). A upřímně firma potřebuje logistické zabezpečení just-in-time a jestli se bude zboží ještě 2x překládat na/z vlaku vyjde to stejně dráž než kamion. Bohužel doba velkých továren, které měly vlastní vlečku na nejbližší nádraží je pryč a logistické megaareály u velkých měst nemají v drtivé míře možnost se na solidní kapacitní kooej vůbec připojit.","['Takže lidí po neflexibilní železnici chcete tahat ale produkty ne. Zajímavé', 'železnice ovšem není zdaleka tak flexibilní. Nakonec se to stejně musí od železnice dopravit po silnici...', 'Takže dálnice jsou stavěny především pro kamiony? A k čemu jsou železnice?', 'Jenže to zboží převážíme i kvůli vám. Jsou to především potraviny. Takže pokud je nějaké auto na dálnici zbytečné, je to to vaše - jeďte vlakem či autobusem a cesta se tak zrychlí i nám v náklaďácích. Náklad ale autobusy neodvezete...', 'Hlavne ta kamionova doprava je uz neunosna,zbozi se prevazi tam a zpatky.Kdyz jedete po dálnici tak jeden pruh je jen snura kamionu a.druhy jen osobaky.']",106921312_2,Většina nákladních terminálů se proměnila v brownfieldy nebo se zastavěla.,"Miliardový byznys vyschl, technologický obr Kapsch se stahuje z Česka"
107035941,"To není ani o ekologii, ale o ekonomice. Nic proti vlakům, ale kromě transportu záklandích komodit nemá už z hlediska dopravy železnice nárok. Většina nákladních terminálů se proměnila na bownfieldy nebo už rovnou zastavěla. Stavět nové jě velmi draho a upřímně není ani kde je stavět (chybí napojení na už tak trstní silniční infrastrukturu). A upřímně firma potřebuje logistické zabezpečení just-in-time a jestli se bude zboží ještě 2x překládat na/z vlaku vyjde to stejně dráž než kamion. Bohužel doba velkých továren, které měly vlastní vlečku na nejbližší nádraží je pryč a logistické megaareály u velkých měst nemají v drtivé míře možnost se na solidní kapacitní kooej vůbec připojit.","['Takže lidí po neflexibilní železnici chcete tahat ale produkty ne. Zajímavé', 'železnice ovšem není zdaleka tak flexibilní. Nakonec se to stejně musí od železnice dopravit po silnici...', 'Takže dálnice jsou stavěny především pro kamiony? A k čemu jsou železnice?', 'Jenže to zboží převážíme i kvůli vám. Jsou to především potraviny. Takže pokud je nějaké auto na dálnici zbytečné, je to to vaše - jeďte vlakem či autobusem a cesta se tak zrychlí i nám v náklaďácích. Náklad ale autobusy neodvezete...', 'Hlavne ta kamionova doprava je uz neunosna,zbozi se prevazi tam a zpatky.Kdyz jedete po dálnici tak jeden pruh je jen snura kamionu a.druhy jen osobaky.']",106921312_2,Je velmi drahé stavět nové nákladní terminály.,"Miliardový byznys vyschl, technologický obr Kapsch se stahuje z Česka"
107035485,"To není ani o ekologii, ale o ekonomice. Nic proti vlakům, ale kromě transportu záklandích komodit nemá už z hlediska dopravy železnice nárok. Většina nákladních terminálů se proměnila na bownfieldy nebo už rovnou zastavěla. Stavět nové jě velmi draho a upřímně není ani kde je stavět (chybí napojení na už tak trstní silniční infrastrukturu). A upřímně firma potřebuje logistické zabezpečení just-in-time a jestli se bude zboží ještě 2x překládat na/z vlaku vyjde to stejně dráž než kamion. Bohužel doba velkých továren, které měly vlastní vlečku na nejbližší nádraží je pryč a logistické megaareály u velkých měst nemají v drtivé míře možnost se na solidní kapacitní kooej vůbec připojit.","['Takže lidí po neflexibilní železnici chcete tahat ale produkty ne. Zajímavé', 'železnice ovšem není zdaleka tak flexibilní. Nakonec se to stejně musí od železnice dopravit po silnici...', 'Takže dálnice jsou stavěny především pro kamiony? A k čemu jsou železnice?', 'Jenže to zboží převážíme i kvůli vám. Jsou to především potraviny. Takže pokud je nějaké auto na dálnici zbytečné, je to to vaše - jeďte vlakem či autobusem a cesta se tak zrychlí i nám v náklaďácích. Náklad ale autobusy neodvezete...', 'Hlavne ta kamionova doprava je uz neunosna,zbozi se prevazi tam a zpatky.Kdyz jedete po dálnici tak jeden pruh je jen snura kamionu a.druhy jen osobaky.']",106921312_2,Není kde stavět nové vlakové terminály.,"Miliardový byznys vyschl, technologický obr Kapsch se stahuje z Česka"
107036271,"To není ani o ekologii, ale o ekonomice. Nic proti vlakům, ale kromě transportu záklandích komodit nemá už z hlediska dopravy železnice nárok. Většina nákladních terminálů se proměnila na bownfieldy nebo už rovnou zastavěla. Stavět nové jě velmi draho a upřímně není ani kde je stavět (chybí napojení na už tak trstní silniční infrastrukturu). A upřímně firma potřebuje logistické zabezpečení just-in-time a jestli se bude zboží ještě 2x překládat na/z vlaku vyjde to stejně dráž než kamion. Bohužel doba velkých továren, které měly vlastní vlečku na nejbližší nádraží je pryč a logistické megaareály u velkých měst nemají v drtivé míře možnost se na solidní kapacitní kooej vůbec připojit.","['Takže lidí po neflexibilní železnici chcete tahat ale produkty ne. Zajímavé', 'železnice ovšem není zdaleka tak flexibilní. Nakonec se to stejně musí od železnice dopravit po silnici...', 'Takže dálnice jsou stavěny především pro kamiony? A k čemu jsou železnice?', 'Jenže to zboží převážíme i kvůli vám. Jsou to především potraviny. Takže pokud je nějaké auto na dálnici zbytečné, je to to vaše - jeďte vlakem či autobusem a cesta se tak zrychlí i nám v náklaďácích. Náklad ale autobusy neodvezete...', 'Hlavne ta kamionova doprava je uz neunosna,zbozi se prevazi tam a zpatky.Kdyz jedete po dálnici tak jeden pruh je jen snura kamionu a.druhy jen osobaky.']",106921312_2,Firmy potřebují logistické zabezpečení just-in-time.,"Miliardový byznys vyschl, technologický obr Kapsch se stahuje z Česka"
107037877,"To není ani o ekologii, ale o ekonomice. Nic proti vlakům, ale kromě transportu záklandích komodit nemá už z hlediska dopravy železnice nárok. Většina nákladních terminálů se proměnila na bownfieldy nebo už rovnou zastavěla. Stavět nové jě velmi draho a upřímně není ani kde je stavět (chybí napojení na už tak trstní silniční infrastrukturu). A upřímně firma potřebuje logistické zabezpečení just-in-time a jestli se bude zboží ještě 2x překládat na/z vlaku vyjde to stejně dráž než kamion. Bohužel doba velkých továren, které měly vlastní vlečku na nejbližší nádraží je pryč a logistické megaareály u velkých měst nemají v drtivé míře možnost se na solidní kapacitní kooej vůbec připojit.","['Takže lidí po neflexibilní železnici chcete tahat ale produkty ne. Zajímavé', 'železnice ovšem není zdaleka tak flexibilní. Nakonec se to stejně musí od železnice dopravit po silnici...', 'Takže dálnice jsou stavěny především pro kamiony? A k čemu jsou železnice?', 'Jenže to zboží převážíme i kvůli vám. Jsou to především potraviny. Takže pokud je nějaké auto na dálnici zbytečné, je to to vaše - jeďte vlakem či autobusem a cesta se tak zrychlí i nám v náklaďácích. Náklad ale autobusy neodvezete...', 'Hlavne ta kamionova doprava je uz neunosna,zbozi se prevazi tam a zpatky.Kdyz jedete po dálnici tak jeden pruh je jen snura kamionu a.druhy jen osobaky.']",106921312_2,Firmy vyjde přepravit zboží vlakem dráž než kamionem.,"Miliardový byznys vyschl, technologický obr Kapsch se stahuje z Česka"
107035579,"To není ani o ekologii, ale o ekonomice. Nic proti vlakům, ale kromě transportu záklandích komodit nemá už z hlediska dopravy železnice nárok. Většina nákladních terminálů se proměnila na bownfieldy nebo už rovnou zastavěla. Stavět nové jě velmi draho a upřímně není ani kde je stavět (chybí napojení na už tak trstní silniční infrastrukturu). A upřímně firma potřebuje logistické zabezpečení just-in-time a jestli se bude zboží ještě 2x překládat na/z vlaku vyjde to stejně dráž než kamion. Bohužel doba velkých továren, které měly vlastní vlečku na nejbližší nádraží je pryč a logistické megaareály u velkých měst nemají v drtivé míře možnost se na solidní kapacitní kooej vůbec připojit.","['Takže lidí po neflexibilní železnici chcete tahat ale produkty ne. Zajímavé', 'železnice ovšem není zdaleka tak flexibilní. Nakonec se to stejně musí od železnice dopravit po silnici...', 'Takže dálnice jsou stavěny především pro kamiony? A k čemu jsou železnice?', 'Jenže to zboží převážíme i kvůli vám. Jsou to především potraviny. Takže pokud je nějaké auto na dálnici zbytečné, je to to vaše - jeďte vlakem či autobusem a cesta se tak zrychlí i nám v náklaďácích. Náklad ale autobusy neodvezete...', 'Hlavne ta kamionova doprava je uz neunosna,zbozi se prevazi tam a zpatky.Kdyz jedete po dálnici tak jeden pruh je jen snura kamionu a.druhy jen osobaky.']",106921312_2,"Doba velkých továren, které měly vlastní vlečku na nejbližší nádraží, je pryč.","Miliardový byznys vyschl, technologický obr Kapsch se stahuje z Česka"
107035691,"To není ani o ekologii, ale o ekonomice. Nic proti vlakům, ale kromě transportu záklandích komodit nemá už z hlediska dopravy železnice nárok. Většina nákladních terminálů se proměnila na bownfieldy nebo už rovnou zastavěla. Stavět nové jě velmi draho a upřímně není ani kde je stavět (chybí napojení na už tak trstní silniční infrastrukturu). A upřímně firma potřebuje logistické zabezpečení just-in-time a jestli se bude zboží ještě 2x překládat na/z vlaku vyjde to stejně dráž než kamion. Bohužel doba velkých továren, které měly vlastní vlečku na nejbližší nádraží je pryč a logistické megaareály u velkých měst nemají v drtivé míře možnost se na solidní kapacitní kooej vůbec připojit.","['Takže lidí po neflexibilní železnici chcete tahat ale produkty ne. Zajímavé', 'železnice ovšem není zdaleka tak flexibilní. Nakonec se to stejně musí od železnice dopravit po silnici...', 'Takže dálnice jsou stavěny především pro kamiony? A k čemu jsou železnice?', 'Jenže to zboží převážíme i kvůli vám. Jsou to především potraviny. Takže pokud je nějaké auto na dálnici zbytečné, je to to vaše - jeďte vlakem či autobusem a cesta se tak zrychlí i nám v náklaďácích. Náklad ale autobusy neodvezete...', 'Hlavne ta kamionova doprava je uz neunosna,zbozi se prevazi tam a zpatky.Kdyz jedete po dálnici tak jeden pruh je jen snura kamionu a.druhy jen osobaky.']",106921312_2,Logistické megaareály u velkých měst nemají v drtivé míře možnost se na solidní kapacitní kolej vůbec připojit.,"Miliardový byznys vyschl, technologický obr Kapsch se stahuje z Česka"
107035950,"Ano, to samozřejmě lze. Ale pokud by na silnicích zůstala převážně osobní doprava, tak údržba bude stát 5-10% toho, co dnes.","['To samé ovšem lze říct i automobilové dopravě osobní.', 'Po republice je spousta nefunkčních železničních vleček. Dřív vlečku měla každá větší fabrika, dokonce i zemědělská družstva. A když už by se jednalo o dopravu z nákladního překladiště k zákazníkovi, tak to určitě nebude přes půl republiky. Ano, železnice U NÁS není flexibilní. Ale kdyby kamiony měly platit prostřednictvím mýtného na silnici a dálnici skutečné náklady na údržbu povrchů a ostatních instalací souvisejících (protože těžké kamiony jsou největší zátěží a tím i prostředkem způsobujícím největší škody), tak by se dopravní firmy pěkně prohly a zákazníci by tak drahé zboží nekupovali, aspoň ne v takové míře. O uhlíkové stopě ani nehovořím.', 'železnice ovšem není zdaleka tak flexibilní. Nakonec se to stejně musí od železnice dopravit po silnici...', 'Takže dálnice jsou stavěny především pro kamiony? A k čemu jsou železnice?', 'Jenže to zboží převážíme i kvůli vám. Jsou to především potraviny. Takže pokud je nějaké auto na dálnici zbytečné, je to to vaše - jeďte vlakem či autobusem a cesta se tak zrychlí i nám v náklaďácích. Náklad ale autobusy neodvezete...', 'Hlavne ta kamionova doprava je uz neunosna,zbozi se prevazi tam a zpatky.Kdyz jedete po dálnici tak jeden pruh je jen snura kamionu a.druhy jen osobaky.']",106918679_1,"Pokud by na silnicích zůstala převážně osobní doprava, údržba by stála 5–10 % toho, co dnes.","Miliardový byznys vyschl, technologický obr Kapsch se stahuje z Česka"
